id,genre,track_name,artist_name,valence,energy
7DneDMOlQ1ol2bd2tWukd2,acoustic,Mercy - Radio 1 Live Lounge Session (Duffy cover),OneRepublic,0.815,0.53
0eG5CqXwJpa5MBjYyg1lRm,acoustic,Slide,The Goo Goo Dolls,0.471,0.845
3zx0r0wtqxj6tlFL5PEWlq,acoustic,Unwritten (feat. Diamond White),Boyce Avenue,0.284,0.336
2bbhyUWJ5VjdfI3P4PRLu2,acoustic,Samson,Regina Spektor,0.184,0.193
4I1BlAeZK4UBSCKoaz8vQS,acoustic,If I Had a Boat,James Vincent McMorrow,0.179,0.295
5Ukzlujip1Slqka5OY82YS,acoustic,U.N.I.,Ed Sheeran,0.578,0.405
3KnQSveB0TCz2Lu3TaJWMJ,acoustic,Walking on a Dream,Kate Miller-Heidke,0.0974,0.294
7EOzfH8P0K4pKZpXE8JMmT,acoustic,Beautiful,Carly Rae Jepsen,0.423,0.496
51jy98I9q9Nk1xyA0W4ZBg,acoustic,"If You've Gotta Go, Go Now - Bonus Track",Various Artists,0.325,0.217
1KzxgnTo2nKbuiTlJPKCjc,acoustic,Whisper the Answer,Gregory and the Hawk,0.249,0.372
3Ua7O14g34JlkpisL2SKLk,afrobeat,Sinebar,Youssou N'Dour,0.638,0.895
1CmUZGtH29Kx36C1Hleqlz,afrobeat,Thrift Shop (feat. Wanz),Macklemore & Ryan Lewis,0.662,0.526
7Hv89f7Dpm5Hce1XkBbjQZ,afrobeat,On The Floor - Radio Edit,Jennifer Lopez,0.462,0.68
1MN5gnxpy3GeSFoldiWwGu,afrobeat,Bissa,Fatoumata Diawara,0.735,0.701
1zHlj4dQ8ZAtrayhuDDmkY,afrobeat,Timber (feat. Ke$ha),Pitbull,0.825,0.965
4Q33HiVThLk7DDDAfyu8S2,afrobeat,Onyame eyhira(produced By Kaywa) (feat. Castro),Sarkodie,0.511,0.856
161fk9qHtXsdHPzIGLFHWo,afrobeat,Yabis,Various Artists,0.639,0.629
5YjLDu0oNJV4rxrI2E7vo7,afrobeat,Fimani,Habib Koité,0.849,0.469
0kDTXJ6dFJAT0l1f2NZN8A,afrobeat,Diaraby,Alessio Vlad,0.323,0.23
5VAZqFBgO2KNRw6KXA7xMj,afrobeat,Weeping,Vusi Mahlasela,0.512,0.619
3ZwrK4djNjJCNOZknEFtmc,alt-rock,Say Fuck It,Buckcherry,0.595,0.836
3aL353hFdpA6eOcDUL5sOH,alt-rock,Blue Moon,Beck,0.497,0.653
7kF1iPJTj3VFJX9XokQ80F,alt-rock,Slither,Velvet Revolver,0.268,0.974
6rARMNQLjwdlBMb9BGrrAZ,alt-rock,Subconscious Life,Self,0.804,0.728
3OshgPVuRWWArOBU6NPBFr,alt-rock,Cleopatra,Sloan,0.939,0.829
06QooyUa24W60Y4w8SgDwD,alt-rock,Turn up the Radio,OK Go,0.66,0.802
1HBZrDjYFOuBcFR0GuxuRV,alt-rock,It's Time To Come Home,The Rentals,0.136,0.662
0ttHpMs250dpFkCYAnuhnE,alt-rock,Good,Better Than Ezra,0.792,0.657
2SSBJhvMsujY94GK5JAtKs,alt-rock,Buena,Morphine,0.591,0.494
0IVT2zUgpMzyEx2TTM1HgB,alt-rock,Gold Soundz,Pavement,0.478,0.61
4iHh9ftZKEtTmqnEYuWlm6,alternative,I: Ferocious Body,Born Gold,0.309,0.554
0UrWr7Jnu1heq1o99ZwUd0,alternative,Youth of the Nation,P.O.D.,0.517,0.86
3dOAXUx7I1qnzWzxdnsyB8,alternative,Lonely Boy,The Black Keys,0.607,0.872
5dhQCqONiQji7k4RkhIcjq,alternative,I Miss You,blink-182,0.611,0.774
2eY1BRbRcK6SRb0rD90suw,alternative,With Arms Wide Open,Creed,0.145,0.525
4HRa9ZWcmZ8JD7UySPu0wT,alternative,Don't Stop (Color on the Walls),Foster The People,0.79,0.948
1VQ6FXasIrdkshSHfX6sde,alternative,Entertainment,Phoenix,0.479,0.731
69HBkY6dhDFSrXAdiyLZZG,alternative,Get Lost,The Babies,0.385,0.862
1KqlVt63Q4bl1VdSlymr5C,alternative,Riptide,Vance Joy,0.51,0.731
7K2vo9oSUzFgmtIXNYegzP,alternative,Fire,Kasabian,0.166,0.74
4m4ttqh0NUTRYU746gGqH7,ambient,From The Coast,Brian Eno,0.0308,0.211
7BGJFDXyjH3os10wVfd73U,ambient,Brother,Tycho,0.288,0.584
7aGSZ7otMHlEtdO4T89TAa,ambient,Dis,Hecq,0.044,0.192
0XiHcuUEf1wmvmX1cOaVR9,ambient,Eyesdown,Bonobo,0.183,0.455
0gch6AYwzLRfoJWci08vsp,ambient,An Ocean and Peril,The Black Atlantic,0.0839,0.127
660j84jp8ljIwLFiAFprlb,ambient,Another Green World - Remastered 2004,Brian Eno,0.458,0.00383
4OTN2EZQOM91H3oqtOAfYk,ambient,Adrift (Shigeto's Adrift a Dream Remix),Tycho,0.0666,0.728
4zcgiC2Vw4su0U6QOCGCMO,ambient,Amateur Cartography,Obfusc,0.0372,0.347
3nIxBv8UxEWjFeSxKmARAP,ambient,Antimatter (ante),AES DANA,0.0339,0.111
6bkrID9FEshkMtIhMWSxFk,ambient,Sé Lest,Sigur Rós,0.0783,0.318
0dFiAgxXMzRylcVxPgXjjU,anime,キラリ,i☆Ris,0.595,0.961
5awLRULbG5dr0XB8G9uQWK,anime,RainBow×RainBow,Prizmmy☆,0.442,0.942
70RkRC6OMOh6WUp5IPUBNK,anime,snow story,Various Artists,0.551,0.718
7gxQAOZnDDTVQXyMryLkxX,anime,傷跡 ~ piano2 mix,Kalafina,0.287,0.378
1VjfxCygjqEZ7Cy7jYawTD,anime,Wake Up! My Heart!!,Wataru Hatano,0.507,0.946
495kaFTvBMyfet8HItjJag,anime,決意の朝に,Aqua Timez,0.411,0.566
4PykuFIJt1YlG1mvyYr0kY,anime,悲しみよこんにちは,Yuki Saito,0.715,0.814
4EGzcb7WcNjUW5yedLDfTK,anime,INNOCENCE,Eir Aoi,0.491,0.933
4Vby7RWFEZFlZHd4Ah2ylb,anime,裏切りの夕焼け,THEATRE BROOK,0.589,0.918
02YwWNpxv4coWsZjRBTSG9,anime,素顔でKISS ME,"Wake Up, Girls!",0.507,0.925
4LlDBiEhJqQYjsvoOKQIqR,black-metal,Hymn to Qayin,Watain,0.18,0.877
6HK5nD9HgDhCtl2C7WS5H1,black-metal,Einfuhlungsvermogen,Burzum,0.0537,0.0224
1NfQVTssa2U4khGPewpGUx,black-metal,Atternatt,Taake,0.0857,0.908
41M4Y2BwPOxBoE6RV9IRF3,black-metal,The Claws of Time,Darkthrone,0.054,0.867
4hMx0vKP14GYJhYJz8IhTa,black-metal,To Redirect Perdition,Marduk,0.149,0.957
5AI0AYV4nevZHQQPqwWQHK,black-metal,Taakeslottet,Satyricon,0.225,0.835
4x9DzTTO2ZQCnHYMp4xiXV,black-metal,Starless Aeon,Dissection,0.477,0.935
7h7kkv1WbYXkdfWfanpxhW,black-metal,Over Bleknede Blaner Til Dommedag,Dimmu Borgir,0.206,0.874
1sQaSAqIhnTBpMLsyZjjOH,black-metal,The Tongue Of Fire,Emperor,0.0441,0.966
1E1BrfF3F2s0Kf5FcrM5Fq,black-metal,Infernal Eternal,Marduk,0.0377,0.988
7tsjrIyaCkYCEKdIBgrO7p,bluegrass,Country Gal,Old Crow Medicine Show,0.897,0.564
2v4tkhvslRscLstjHw2ShC,bluegrass,Tin Roof,Steve Martin,0.695,0.575
0fq10OuQaUWHJhJec2Wb2O,bluegrass,Kentucky Mandolin,Yonder Mountain String Band,0.707,0.557
1x2zQ4k5dK0oLI2cPnxuq3,bluegrass,Brakeman's Blues,Bill Monroe & His Blue Grass Boys,0.729,0.365
2cjZm8yD9FQjfJYCA6Sqfg,bluegrass,Undone In Sorrow,Crooked Still,0.317,0.372
1Kvq2i9RduSvoL7Z4dpCZA,bluegrass,Angel Band,Various Artists,0.35,0.113
5wKtMzk24HA3dUUnUQEvLd,bluegrass,Still Climbing Mountains,Blue Highway,0.634,0.537
5axI4xvyPCsuO7OklQDfgD,bluegrass,Tennessee Stud - Vanguard Version,Doc Watson,0.655,0.25
0Ot64UW5k4ftvK4S4yqtrw,bluegrass,Big Chance,Patty Loveless,0.913,0.686
67LCAGaxKJz4vTAtEicOka,bluegrass,Why Did You Wander?,Bill Monroe & His Blue Grass Boys,0.929,0.343
4wqBlV9jC6FvTFnL53CUL0,blues,Sitting On Top Of The World,Howlin' Wolf,0.438,0.353
0BrmbJnPYcd7gnvLYqxw0r,blues,What Kind Of Woman Is This?,Buddy Guy,0.882,0.586
6rsuhv2L1C1joNh1DBhrVS,blues,Road Runner - Single Version,Bo Diddley,0.969,0.817
1XRSazlB37HWPch5mSEOlR,blues,Give Me Back My Wig,Hound Dog Taylor,0.772,0.709
74uwIzBc3pPWLin6ypQd32,blues,Help The Poor,B.B. King,0.795,0.382
7DJsL4jyXA39GDiHFQYQ0t,blues,Mess Around,Ray Charles,0.906,0.962
0dctFolLOGtoeTN2uzD3qV,blues,Bold as Love,Jimi Hendrix,0.596,0.702
2VdHRWJeGpIY0WJcQD2mYd,blues,The Weight,Aretha Franklin,0.782,0.709
7mQs0t6Q28lybFc7gXivbx,blues,Little Anna Mae - Remastered,Muddy Waters,0.546,0.199
5msXh6qmKL96YmzItu95DV,blues,Waitin' for the Bus,ZZ Top,0.859,0.368
4icebmugsUJ8aEvNtpHTzH,bossanova,Lazy River,Laurindo Almeida and The Bossa Nova All Stars,0.857,0.278
12YhHmx0qGK7iwsupo5mVc,bossanova,Brisa do Mar,Wanda Sá,0.609,0.32
7d2rviWDiAsXogXAtleHJy,bossanova,Outra Vez,Joao Gilberto & Astrud Gilberto,0.804,0.114
08mpVwPOT1MvWnGLm4W4Fc,bossanova,Meu Pai Oxalá - Live,Vinícius de Moraes,0.72,0.451
48HGxgXEqOJNCTRiah4yGC,bossanova,Desafinado,Toquinho,0.691,0.595
0Y8J9GJ1rEHidrtcNxsh8e,bossanova,Words,Bebel Gilberto,0.103,0.0886
6SZbik5rmBTlgMHxHVXquA,bossanova,Agua De Beber,Maysa,0.61,0.555
21tZV1CWmEWlhJOvnTZp7u,bossanova,Nós e o Mar - Instrumental,Various Artists,0.705,0.562
5dsoctgd4xhfKToC02xyYV,bossanova,Como 2 E 2,Gal Costa,0.476,0.0279
0GioKjHJQ7LyPmC5z7egg1,bossanova,Corcovado,Joao Gilberto & Astrud Gilberto,0.325,0.148
3IljqNcSS7RB8ggxnig688,brazil,Linha de Frente,Various Artists,0.675,0.496
0JUdM6lKJafF1ucVO3PgBK,brazil,O Segundo Sol,Cássia Eller,0.507,0.703
1j5i8qd1PkSQAGM5zyonJC,brazil,Ouro De Tolo,Raul Seixas,0.826,0.549
7ATfTQCF4OGSY91yKk42km,brazil,Um Minuto Para O Fim Do Mundo,CPM 22,0.67,0.973
7c7lIshGFNbsswNHnyTuvE,brazil,Fui Fiel,Gusttavo Lima,0.77,0.808
1Ly6VdODSs8qXcqok09EJt,brazil,Cê Que Sabe,Various Artists,0.756,0.796
2kYAcKRS0NIhMJbHjyMEkZ,brazil,Você de Mim Não Sai - Ao Vivo,Luan Santana,0.516,0.917
31svfXMDnt8sgu4SuDqL2K,brazil,Apenas Mais uma de Amor,Lulu Santos,0.303,0.357
6zQTiw3M1p58eklHhCBWyi,brazil,Coisas Que Eu Sei,Danni Carlos,0.401,0.352
2EEMetkYSqxIRMpptSqxmx,brazil,Preciso me encontrar,"Antonio Pinto, Ed Cortes",0.688,0.516
4Xi7rFOjrH43p3A3qNu3TD,breakbeat,Never Been,Dub Phizix,0.257,0.538
2wPFy7SAFnt9Nj2TipWcqb,breakbeat,Block Rockin' Beats,The Chemical Brothers,0.809,0.977
2EK2Saeozbr20qrO1JmUzv,breakbeat,Acetone,The Crystal Method,0.222,0.897
55tObCiAoUfL7XUqtnjrs2,breakbeat,One In Ten,808 State,0.422,0.837
5Boovfc9XolSKExXapeWoQ,breakbeat,Morning Sun,Plump DJs,0.234,0.703
5ys71c0npG2nE1gjUdSoPM,breakbeat,Great Trip,Various Artists,0.693,0.915
7kS4KQ82e0bDHwc5yOpPWU,breakbeat,Painkiller,Freestylers,0.459,0.883
7KY40pRBPKQSaSe0j5nKUK,breakbeat,The Boys Of Summer,Don Henley,0.859,0.776
44muZiVSznL0U8NOdPhHWK,breakbeat,Rude Boy Rock,Lionrock,0.691,0.93
1MbarPuZfaWLUWtCpLDJ7p,breakbeat,Ska Punch - Original Mix,Colombo,0.794,0.645
7m21WB6QoOusWw9zTPfDHq,british,Mouthwash,Kate Nash,0.623,0.818
433EQGQOsQjWvD5eImXkHf,british,This Is the One - Remastered,The Stone Roses,0.345,0.784
3fT9nfnv5uLyPsx6ymre7z,british,Feel,Robbie Williams,0.282,0.8
0gQpRWjX9WX8t2KeRfYVR1,british,"William, It Was Really Nothing - 2008 Remaster",The Smiths,0.513,0.943
15049rGLXHwrWtE4euUb5C,british,The Killing Moon,Echo & the Bunnymen,0.71,0.85
0scrtPmtlIVwwk9s4LXJ8n,british,Son Of A Preacher Man,Dusty Springfield,0.761,0.472
4bPkBHKLKd9WHizsvM2zV3,british,Warning Sign,Coldplay,0.0395,0.433
4B2jOTUZBnlrjLHK1ertFR,british,Brown Eyed Girl,Van Morrison,0.899,0.586
2zrIyIdqafYozfsgiMY0Ae,british,Supermassive Black Hole,Muse,0.865,0.865
1nEqYa8UgT0wHWLBGS7kF9,british,Tokyo (Vampires & Wolves),The Wombats,0.563,0.928
09PZUuqCdaZi7KEIXdmoEQ,cantopop,"相愛很難 - 電影""男人四十""歌曲",Anita Mui,0.45,0.73
4BMsm71hl8wqqSbfAdgIHV,cantopop,忘記他,Shirley Kwan,0.509,0.55
3IORIplTC5J32wnWQzoJ7G,cantopop,越夜越有機,Leon Lai,0.701,0.997
6sBZhurY94fUcnXWiYBTDx,cantopop,Dou Ku,Jordan Chan,0.317,0.478
3z0P8gCaSoL6M0nSlkoAiG,cantopop,偶遇,Samantha Lam,0.0828,0.204
1XfKwj1Wnmnx4xJsrg4Jxm,cantopop,似水流年,Leslie Cheung,0.315,0.364
74Fg0CoarCiJiVhDQ9RfI4,cantopop,狂野之城,Aaron Kwok,0.907,0.678
5ql72Q6cnQChhbgUW678OV,cantopop,你們的幸福,Kay Tse,0.578,0.49
0uwy5mgN5DIYheknqZi8Tn,cantopop,流水飄,Bowie Lam,0.297,0.381
5GCfGYBzhQ2szULHf8wJYm,cantopop,曖昧,Faye Wong,0.322,0.467
2Lj8T12mn1lkboBb6bwQsk,chicago-house,Bes' Enatainment - Original Mix,Various Artists,0.798,0.395
501oHLxlJSpwJQPLz7Ba85,chicago-house,My Piano - Original 1990 Mix,Heyl,0.598,0.857
770TdF3vXLk9zwLtj5DG2C,chicago-house,Pop Goes My Love (Extended Version),Freeez,0.858,0.298
5bh8l1991KxZHgsYoV6oEx,chicago-house,Always There - David Morales Remix,Incognito,0.135,0.603
1s8xZDPPL9eMGhJDApsCgs,chicago-house,Movin’,Brass Construction,0.94,0.735
1wdQGP0GXda07LoTfSPWSG,chicago-house,Indulge,Various Artists,0.571,0.518
01ES3DiAHM4ZRCLOE8X1l6,chicago-house,Mega Mix - Jacking Mix,Julian 'Jumpin' Perez,0.802,0.719
2k37VinOEDgGnNOvYO8pp9,chicago-house,Grinder Man Blues,Memphis Slim,0.668,0.219
4WidTrac5dILBEK3HEfWzm,chicago-house,Don't Hold,Pablo Bolivar,0.506,0.419
1q2Ycdo5y2zUNgkBFT369H,chicago-house,Forever Yours,Virgo,0.518,0.711
53Pgsvu3qSYO2aXt5J2vcL,children,Lego House,Ed Sheeran,0.565,0.637
5DORLl7rJddjxVcjJlyxeo,children,I Love You,Barney,0.115,0.0828
1nRwyxNsqCLeA17qR8Nfxx,children,Quit Playing Games (With My Heart),Backstreet Boys,0.882,0.875
3oL3XRtkP1WVbMxf7dtTdu,children,The One That Got Away,Katy Perry,0.864,0.792
3UN6cIn3VIyg0z1LCuFSum,children,Without You (feat. Usher),David Guetta,0.402,0.614
6tXjP6xgPJ7Xr1igrO6bOE,children,Don't Stop The Music,Rihanna,0.542,0.669
4bi73jCM02fMpkI11Lqmfe,children,Ai Se Eu Te Pego - Live,Michel Teló,0.834,0.937
5WTxbyWTpoqhdxEN2szOnl,children,Everybody (Backstreet's Back) - Extended Version,Backstreet Boys,0.509,0.81
75a5fcQSduYyC93gXtgGhk,children,Like Me,Various Artists,0.715,0.874
3zrYNl1aMdFrQkcOjKVr5u,children,I Cry,Flo Rida,0.763,0.822
0BCPKOYdS2jbQ8iyB56Zns,chill,Clocks,Coldplay,0.255,0.749
5Z7ygHQo02SUrFmcgpwsKW,chill,Wild Ones (feat. Sia),Flo Rida,0.45,0.889
61S0mEfdRtJ62Fc7fPqx0U,chill,Feeling Good,Nina Simone,0.546,0.326
7BzhqmRj3iOZXqMHqiifHr,chill,Heartbeats,Various Artists,0.316,0.15
0qcr5FMsEO85NAQjrlDRKo,chill,"Let It Go - From ""Frozen""/Soundtrack Version",Various Artists,0.371,0.485
6NaBDHz9C7Uz9Z9CwLXQin,chill,Bleeding Out,Imagine Dragons,0.295,0.754
5cwN1htZyoWqZCc33f3RfE,chill,The High Road,Broken Bells,0.603,0.638
7uv632EkfwYhXoqf8rhYrg,chill,Angel,Massive Attack,0.0671,0.309
2lwwrWVKdf3LR9lbbhnr6R,chill,Float On,Modest Mouse,0.553,0.888
4XcggrvWzPGxlcpSMWqGFW,chill,Night Air,Jamie Woon,0.502,0.522
2w1UWIyMRcNqbseWaJJ5XX,classical,The Firebird Suite *: Finale,Igor Stravinsky,0.0568,0.287
0V4rUX2i5m3TaFrDDywRXS,classical,Mr. Holmes,Carter Burwell,0.0383,0.099
14ZvL9Wc06Rw6MMyZxJnIu,classical,Your Changes Have Been Submitted,Christina Vantzou,0.033,0.236
38iCfXPXqyeEHsNtlxjtSG,classical,"Tchaikovsky: Swan Lake, Op. 20, Act 2: No. 13 Dances of the Swans - IV. Dance of the Cygnets (Allegro moderato)",Pyotr Ilyich Tchaikovsky,0.77,0.038
0Vjz7AGR5eDAa1CoSUBIZL,classical,Clarinet Concertino: Concertino for Clarinet and String Orchestra,Nicola LeFanu,0.039,0.00702
4ASq8Q9pF05YGHxqL0PveM,classical,"Piano Sonata, Op. 26: IV. Fuga: Allegro con spirito",Samuel Barber,0.466,0.268
0dBeZNIXFp3P5RnNQGEu2x,classical,Fantasia on Greensleeves,Leonard Bernstein,0.0962,0.0868
6HGzj1FMXVBAi2AtBCbhCQ,classical,"Serenade in E Major for Strings, Op. 22: II. Menuetto",Antonín Dvořák,0.163,0.0878
3qmBqj3EmghQ4UayTRBbL1,classical,Da pacem Domine,Arvo Pärt,0.0317,0.032
252wJ7a1gTi59YZCDYiKu0,classical,Symphony No. 8: I. Allegro moderato,Anton Bruckner,0.0361,0.0863
5NK982GwMI332zcnpeqX5t,club,Come Alive (feat. Toro y Moi),Chromeo,0.946,0.757
6UEJtAnGHnK5tVhoPHD6tU,club,Enjoy the Ride,Krewella,0.485,0.873
3ezkJgagRPZ39KCTrKcSI7,club,Ghosts 'n' Stuff (feat. Rob Swire),deadmau5,0.491,0.613
3PmtL3TjmNIQ3AejB7HCk8,club,Never Say Never,Basement Jaxx,0.65,0.789
1D6lIY6kxQJvZojiU4k8ti,club,Love Generation,Super Dragões,0.51,0.836
5GjnIpUlLGEIYk052ISOw9,club,This Is What It Feels Like,Armin van Buuren,0.145,0.833
3DDxYAT7Nuj0tfkHICWYi3,club,Crying for No Reason,Katy B,0.221,0.712
0AEB5IhgCxr4Nt8L5CrRBX,club,Vanished,Crystal Castles,0.519,0.87
6kzLbNxsJidjc80Nw3uZVg,club,minipops 67 [120.2][source field mix],Aphex Twin,0.126,0.83
0UeYCHOETPfai02uskjJ3x,club,Shooting Stars,Bag Raiders,0.425,0.72
6W4V7BiQv7hcVFQxDPVi78,comedy,Weddings,Jim Gaffigan,0.234,0.981
3QI9MKWG4APu2FyMoLerqo,comedy,King of the Night Time World,Kyle Kinane,0.24,0.944
71Na8M1MC7nOI98gd10V1F,comedy,Women,Bob Odenkirk,0.503,0.346
64dcOKc0z7PVeH1jDtCGz5,comedy,Pugs n' Nuts,Comedian Bob Marley,0.626,0.398
0ccVVZqPGcLThFL0NvfC0l,comedy,The Hierarchy Of Cookies,Gary Gulman,0.493,0.878
6tqamymSGRTstpBH0td6Rp,comedy,Getting into Shape,John Pinette,0.0649,0.847
2WCNV7XBKv5P58Y7tprWF0,comedy,A Question Of The Heart,Big Jay Oakerson,0.385,0.848
2GVbhbv8C6qASzGBrCSFX0,comedy,"Austin Powers Saying Yeah, Baby!",David Cross,0.492,0.549
6j0wDeTV0WKmmIXoLvjSs7,comedy,American Wedding,Craig Ferguson,0.148,0.828
2z9G4b9QjlwlCx2Pkwl6Lc,comedy,"I Didn't Come From a Monkey, I Came From Jesus/Evolution",Joe Rogan,0.495,0.929
2gvYqSUrl405FQRdsZUQLo,country,That's When You Know,Chris Buck Band,0.663,0.809
28Sc21lrWcZD9Ov4rRkPJq,country,Gettin' You Home,Chris Young,0.531,0.678
6VChAU4QENeLwf3OaHBJxC,country,Must Be The Whiskey,Cody Jinks,0.679,0.786
4JNdKmSZRsYDBwhIgZpa5M,country,Don't Tread on Me (feat. Earl Dibbles Jr.),Granger Smith,0.58,0.899
215FCyLSBcXeX0NASXEjyn,country,My Kinda Party,Jason Aldean,0.558,0.9
33ntke7makdcaGe5DsmcLi,country,If I'm Bein' honest,Chase Rice,0.473,0.514
12AOwWanBDN4TQbJRbErqM,country,Wasted Time,Keith Urban,0.341,0.825
6OPyY2sXQBF13QRE3qx5o8,country,4 X Life,Craig Morgan,0.44,0.909
3DeLvrawPtl8wSupXgTlSh,country,Unlove You,Jennifer Nettles,0.111,0.416
1kN5Bo5DAn9neVrli2wKBt,country,Never Gets Old,Joe Nichols,0.332,0.713
0a53p8UzpQD0uW1hFUB4oF,dance,"Music Sounds Better With You - 12"" Club Mix",Various Artists,0.378,0.615
5hT0pVGZXvGWo6PuYGbSbC,dance,Gotta Get Thru This - Radio Edit,Various Artists,0.936,0.757
3vbqb78xzvD3CJl7ZeW83c,dance,Ain't Nobody (Loves Me Better),Felix Jaehn,0.465,0.564
7wQRAgTnBowC3myTLJSSNK,dance,Voyager,Lookas,0.744,0.731
60yO9LvaBsBOa6o9djt3I2,dance,Mistakes I've Made - Radio Edit,Eelke Kleijn,0.955,0.738
5wOoNsobTbn5LnXNBURDVv,dance,Talking Body - KREAM Remix,Tove Lo,0.291,0.755
4XXdQctUlL1FOmHBbdLkIp,dance,Illmerica,Wolfgang Gartner,0.145,0.718
2VGTe5PkHOlZuayLYDjtb1,dance,Imagination,Gorgon City,0.362,0.706
4JP327sioGQhxJ72f3ivFr,dance,Afterglow - Dyro Remix,Wilkinson,0.0326,0.949
29B5iOEsl6pMnvZke3rcIT,dance,The Veldt (feat. Chris James) - Radio Edit,deadmau5,0.485,0.759
0JrKVMQ7a6ydABRWDPiAl9,dancehall,Fuck It & Cum - Raw,Various Artists,0.606,0.902
29Y6nW06b0PeNqtvC80juD,dancehall,Church Heathen,Various Artists,0.158,0.63
1Bx0zEdVjkFlV27iKaePug,dancehall,Man Down,Rihanna,0.557,0.904
6apAGSTgzF7CSSzkCUXkuH,dancehall,We Want Paper,Various Artists,0.877,0.874
3v15f2Z0j7LV416W6fifQL,dancehall,Undah Yuh Skirt feat. Mavado,Zeds Dead,0.755,0.929
0Gv6sr4tFPkYDIuUVxOx7H,dancehall,Lighters Up (feat. Mavado & Popcaan),Snoop Lion,0.61,0.805
0wMGccSxwaLDpDqowlkJT7,dancehall,Ever Blazin',Sean Paul,0.91,0.771
5Zyao8ZBImKcqQDvSdMQcp,dancehall,Shake,Konshens,0.92,0.836
2zhQYE4dNZ2hsHKWwQChxh,dancehall,She Cant Wait,DJ Mums,0.936,0.888
3ogTxE5jXMZyACvUcVmcg7,dancehall,Kush Inna Mi Brain,Various Artists,0.592,0.7
1uOkapWUZPXQRRHTAAfu6E,death-metal,Omerta,Lamb of God,0.185,0.98
2HLAW5nWSrq7amn9PwU5hk,death-metal,Ride For Vengeance,Amon Amarth,0.0395,0.994
0ppdt8zRZOHIKh4ZDB0Zp9,death-metal,Ghost of Perdition,Opeth,0.19,0.818
5vpJkOc6FejKXO5vLQqW3b,death-metal,Intro - Unleashed (Upon Mankind),Bolt Thrower,0.0752,0.815
0rQtzIqAFSr8UkG3xjYzvt,death-metal,A View From A Hole,Decapitated,0.0578,0.958
7hTpy28ZTGhrvUUHvA4Q6q,death-metal,Dreaming In Red,Dismember,0.141,0.975
6t91thNdGFuMdDCNTIj5MR,death-metal,Blood Soaked,Obituary,0.0655,0.962
12qGKZwI1pkBYDpthPCmNY,death-metal,Vacant Planets,Death,0.606,0.868
7uvZpQR8pPOXyimbbnBB8G,death-metal,Bastard of Christ,Deicide,0.275,0.993
6T6jcsxetZv7uSdikkxlXh,death-metal,Defiling the Gates of Ishtar,Nile,0.101,0.919
1Ht4NJdY8adMsW540P5vG0,deep-house,Come With Me - Radio Mix,Nora En Pure,0.308,0.758
1JUyWrDQ2ev6SWnYiRyDOV,deep-house,Ruff Stuff,Justin Martin,0.453,0.47
6lWuJS86p0q5JAKekgETcN,deep-house,Sky and Sand,Paul Kalkbrenner,0.526,0.329
0eBmWrGlvKAbqwgx1y2CEe,deep-house,Spirit - MAW Mix,Various Artists,0.827,0.368
0xtif1cPZHjjeGiyN6fmDc,deep-house,Melodica - Original Mix,Stimming,0.557,0.451
2RAi5Py1o0MMokWLhz9zNU,deep-house,Come With Me - Original Mix,Nora En Pure,0.73,0.645
0xiLXlobvHFbtnoxQJwjzp,deep-house,Burnt Sun - Radio Edit,Bryan Cox,0.321,0.563
0wneVxea7lv2PYkft6bKov,deep-house,Crystalised (Edu Imbernon Remix),The xx,0.827,0.751
39tZWuO0TDJQB7kk8c3mAm,deep-house,Loud Minority,Foster,0.603,0.726
6U3BxoCQlfJJvQ58LZVIEB,deep-house,The Ripper,Terje Saether,0.0629,0.565
6p2NLwXf4vRDp0IxnaagNF,detroit-techno,Ghosten,Kyle Hall,0.538,0.656
4wW9Xv0YkWydYIDDMRuy6X,detroit-techno,Elements Of Tone - J's A Mix,Various Artists,0.876,0.726
1BJXRMGMdb2f33g1XMUE1n,detroit-techno,Fractual (in),The Detroit Escalator Co.,0.183,0.217
2GsjyeGAVbia4vgj2dm5i5,detroit-techno,Home Entertainment,Carl Craig,0.184,0.681
7FLegodvCtrlH0KI037Jep,detroit-techno,Sharevari - Omar S Remix,The Dirtbombs,0.383,0.982
64LJBNzvwrLBbVUWLA3Ab8,detroit-techno,Underground Thang - Version 1,Various Artists,0.0678,0.551
4ONHNGWHKQal2M0QQc5p0F,detroit-techno,Ping Pong,Plastikman,0.0339,0.5
5TVvSApfXRZO2NgGzMtcAj,detroit-techno,Gari,The Detroit Escalator Co.,0.151,0.0066
0l4Wub995LrkfPoQX0dJnD,detroit-techno,Hi Tech Jazz - Live Version,Underground Resistance,0.601,0.653
7hOTSHNKbyMoRcwUcZGbCn,detroit-techno,Infinition,Various Artists,0.646,0.673
1wRHNlEjTmpaXv99BFAGnV,disco,Got To Be Real - Single Version,Various Artists,0.861,0.697
6mwZS6fLcQP1wKv3HN3OcY,disco,Maneater,Various Artists,0.827,0.697
1gihuPhrLraKYrJMAEONyc,disco,Feel So Close - Radio Edit,Calvin Harris,0.919,0.924
3GfOAdcoc3X5GPiiXmpBjK,disco,Song 2,Blur,0.855,0.709
1d1BeKPNgaQ36wcxGqnfU3,disco,Sommartider,Gyllene Tider,0.697,0.707
0sGNcx6lfc3zrbiIOxY4vb,disco,"My Heart Will Go On (Love Theme from ""Titanic"")",Céline Dion,0.0385,0.364
5tXyNhNcsnn7HbcABntOSf,disco,DJ Got Us Fallin' In Love,Usher,0.669,0.878
14fmbvjYLqRZEXz1VZdM2M,disco,We Found Love,Rihanna,0.609,0.74
7kllQQPam6HumbUCIPSvHJ,disco,T.S.O.P. (The Sound of Philadelphia) (feat. The Three Degrees),MFSB,0.96,0.854
1rRKKKXdG3zRplhskzRhcS,disney,"Bedtime - From ""The Little Mermaid""/Score",Various Artists,0.135,0.0803
2rHSY5rxq6YOhD8eOzA5Y2,disney,The Gospel Truth,Various Artists,0.286,0.649
7g0eCu2Du9VgOUX8jlZYEj,disney,"You Poor Kid/He's Not My Dog - From ""Lady and the Tramp""/Score",Various Artists,0.544,0.0616
464YC2e67DJOXfjLxCBKde,disney,"A Fairy Tale Come True - From ""Sleeping Beauty""/Score",Various Artists,0.0508,0.162
26HE8ehnFL86hkL6JCn9gY,disney,Behind the Clouds,Various Artists,0.649,0.468
1QJhOXsWekCYPQYA2qnqFM,disney,To the Rescue,Various Artists,0.125,0.141
0xEIhF83JaaXLG0RPUViHJ,disney,You'll Be In My Heart,Phil Collins,0.653,0.739
7Ly3iB2S2riCNaqRHRaOrx,disney,Kiss The Girl,Various Artists,0.842,0.805
14YXTKcPobTPteF6dyf3zB,disney,"Infinity and Beyond - From ""Toy Story""",Various Artists,0.181,0.203
7yyTZAgwQUy1a5kDjQJJNN,disney,"Poor Unfortunate Souls - From ""The Little Mermaid"" / Soundtrack Version",Various Artists,0.362,0.171
5KG54kWnfzP8oT22vLJC3d,drum-and-bass,You Cry,Camo & Krooked,0.17,0.913
5cfRhJ85Xhay4hUNVgK2M4,drum-and-bass,Save The World - Futurebound & Metrik Remix,Swedish House Mafia,0.0382,0.872
4c1XqLQOMZjuA7gqIC0ZGi,drum-and-bass,Sunhammer - Original Mix,Noisia,0.0579,0.951
5akfuWbwjiAvLtz9zv7li4,drum-and-bass,It's Jazzy,Various Artists,0.596,0.769
3xcv3R9LGJkprp0EOQvdNt,drum-and-bass,Everyday - Netsky Remix,Rusko,0.102,0.933
6eS92ssTiUkEiwDQpBwv29,drum-and-bass,Ill Behaviour,Danny Byrd,0.347,0.96
75Ik1zcZSvXSVCFHPwQr4E,drum-and-bass,Immunize (feat. Liam Howlett),Pendulum,0.282,0.945
44ADJ1ToEv1E2Nz7tlO9fU,drum-and-bass,Take You Higher,Various Artists,0.441,0.965
7zIEMiATwhrkTTtDP67ohb,drum-and-bass,Hitz - Delta Heavy Remix,Chase & Status,0.258,0.801
6kSjTqaANVl7eyCYK1mbla,drum-and-bass,Ignition,Various Artists,0.312,0.967
1mkcQ9vomQota1n3AsvWQR,dub,Hard - Caspa & The Others 'The Police Takeover Remix',Various Artists,0.157,0.681
0qH2LsUXMCUMYAiO3Vkupk,dub,Starfish - Original Mix,Savant,0.549,0.444
2B4M3LYUvKFx6rND9WlSpP,dub,Los Angeles - Tim Ismag Remix,Quartus Saul,0.251,0.962
2lbvAG0zp97b2iR8fF2e68,dub,Reach (Push The Feeling) - Dubstep Mix,Tantrum Desire,0.141,0.899
3L2tJXVglxQpLaJgMnPzOT,dub,Jar of Hearts,Various Artists,0.401,0.954
7bac61bG6EVbOt3IqDa4SA,dub,Crowd Control,Downlink,0.0922,0.967
7mfI0rEPa99nLFyzr3Y9J0,dub,Ninur - Original Mix,Savant,0.544,0.907
03EuhmMsEHVFI9ytainStU,dub,I Can't Stop,Flux Pavilion,0.205,0.775
3ljB23GWqz8h5c4rAIUkL2,dub,Diamonds - Jacob Plant Dubstep Remix,Rihanna,0.0356,0.695
58stjpV04lJKmPgc2vxm6J,dub,Love Is All I Got,Feed Me,0.407,0.776
3SXwKr56QMv0Tg2vF8V5GS,dubstep,Reach You - Album Edit,Engine-EarZ Experiment,0.113,0.595
7E5AiVPh8zXjN69ukjZmym,dubstep,Toy Box,Mojo,0.157,0.94
1FgbslUrD0hTVw0usa4YLs,dubstep,A Brief Tutorial On Vip Production - Vip,Dubba Jonny,0.336,0.9
6HHilaGz3n757PQQvE9SxQ,dubstep,We Are One (feat. Splitbreed),Various Artists,0.496,0.977
6mt43avikV8g00AXCyOkS1,dubstep,Kick Out The Epic Motherf**ker - Radio Edit,Dada Life,0.214,0.862
5FvFP7Ixbczk3pMd1yBx05,dubstep,Airwaves,Various Artists,0.453,0.889
5CN8vzjNuT0NpnUeBfl50u,dubstep,Evilution,Datsik,0.246,0.866
7GjNJynn9wwMGGHSAFQ69q,dubstep,Leather Face,Figure,0.361,0.975
5m8KHgRbZN7Q1l4kpzsiHr,dubstep,Pornstep,Dodge,0.354,0.991
0I7ouoTZnPY76XWsnHuJkl,edm,Staying (DotEXE Remix),Koda,0.18,0.788
1P0wLge0z6CiDMztVH0q9i,edm,High School Art Class,Pretty Lights,0.43,0.81
28hs4m9Uf0M9lyO4qV3WnX,edm,Babes Anatomy (Adam's Lambaca Remix),Adam L. Kid,0.602,0.803
2TkoUq8sPXmc4KYzKBiTWT,edm,Rock 'n' Roll (Will Take You to the Mountain),Skrillex,0.676,0.971
1OMNuknvmUz0MIoEDtS4I1,edm,Maya - (Original Mix),Jenaux,0.192,0.828
2G6d1OttEYLmDJ2KzpJxvm,edm,Never Mind,Infected Mushroom,0.402,0.831
6u8on7c8MPZQ0cXW70qlM8,edm,Crank Dat,Noisses,0.543,0.671
5Nn2Dj7OQsGL6pgQ9iIzPp,edm,Ghostwriter,RJD2,0.594,0.68
2L7plRhGDguuuM9J1u5R7x,edm,Need Your Heart (feat. Kai),Adventure Club,0.166,0.712
7zbq8RT5Kd3ExOGVTiUQbR,edm,Hot Like Sauce,Pretty Lights,0.113,0.615
5OWhFeNXZ2RGbsGpl3rIc3,electro,Da Funk / Daftendirekt,Daft Punk,0.546,0.859
0zTlGHZugW9cvti75vBV8w,electro,G.I.P.S.Y. (feat. Boostedkids) - Radio Edit,Dimitri Vegas & Like Mike,0.48,0.941
2Z5E6zwhYhjnpEB1LnoNSj,electro,Subtil,Joris Delacroix,0.322,0.687
0AQlQOvoFhRJLPC1KwbKB7,electro,Find Tomorrow (Ocarina) (feat. Wolfpack & Katy B) - Radio Edit,Dimitri Vegas & Like Mike,0.384,0.853
61S6wtjY80a6vHxP3JHSgE,electro,212,Azealia Banks,0.663,0.763
0tVZk9Cg8jjMHWbAyoJ7JB,electro,You,Gold Panda,0.655,0.955
4IwnNqIML38mYMXGKVsScD,electro,Voodoo People (Pendulum Mix),The Prodigy,0.512,0.963
2cBBgwTkI5OMx987uCOjMa,electro,Nightcall - Dustin N'Guyen Remix,Kavinsky,0.486,0.914
4ta97KyyCWLCQAAFtOWFpy,electro,Language,Porter Robinson,0.406,0.614
36482hNESSwELpr9sS3NbE,electro,A Little Party Never Killed Nobody (All We Got),Various Artists,0.516,0.619
31TB0tG8ISjXN5DOSKHVAd,electronic,Let it Go,Dragonette,0.706,0.951
5VA4Ispp52EA1sOqzMz3Av,electronic,All I Want Is You (feat. J. Cole),Miguel,0.921,0.603
0RfpwHPDc4XChkuwsb9Hhu,electronic,Mammoth - Original Mix,Various Artists,0.471,0.85
4YlAdZBuW5mww5GcqZ4aFy,electronic,I Need Air (feat. Angela Hunte),Magnetic Man,0.391,0.829
5pn8UtwJ4udgSPxOQmLjMI,electronic,NE1BUTU,Scuba,0.107,0.976
0xIVvRmjztR1AwuHrkhH41,electronic,Addicted To You,Avicii,0.303,0.785
2V65y3PX4DkRhy1djlxd9p,electronic,Don't You Worry Child - Radio Edit,Swedish House Mafia,0.438,0.84
67awxiNHNyjMXhVgsHuIrs,electronic,Turn Down for What,DJ Snake,0.0815,0.799
4dh47Rb2MmLjjPVpvLQLG4,electronic,Crystal Caverns 1991,Lone,0.662,0.957
5Muk08hnvAKtf0MDHqIq5j,electronic,Hold On - Sub Focus Remix,Various Artists,0.0393,0.931
4oxHTcJaYcFYpYNRFD3tyc,emo,Greener with the Scenery,The Used,0.281,0.88
0IGG4kreIr85kHHaaIp3q0,emo,Untitled,Brand New,0.369,0.352
0304W5CLkIPtsw5UzK6Enr,emo,You Know I Should Be Leaving Soon,American Football,0.331,0.775
1lldOhIq1tf0XyQUBWDeOc,emo,Letters To You,Finch,0.336,0.847
1ZI8t7wPMtwggQHrhN2OST,emo,God Bless You,Black Veil Brides,0.561,0.939
6L89mwZXSOwYl76YXfX13s,emo,Basket Case,Green Day,0.781,0.943
3w9Uhk2xmkm1qxRjVjPRwC,emo,Cars & Calories,Saves The Day,0.765,0.614
7fx2rt43UfclOOulPwBYk2,emo,Let the Flames Begin,Paramore,0.334,0.92
4fDIXQeXIstBe1mAWSRfeL,emo,Bonus Mosh pt. II,Taking Back Sunday,0.465,0.952
74HsNf2R9s09gpib6m9nbz,emo,Do You Know Who You Are?,Texas Is The Reason,0.0347,0.651
1pcRBBcn6cW7wlKaTwFDun,folk,Golden Thread (feat. Matt Corby),Passenger,0.261,0.402
5wLBkpEwHIlNZJaeh0s7bR,folk,Hello My Old Heart,The Oh Hellos,0.297,0.299
7m2VsHmjyXZegtndWPgxOw,folk,Wonderwall,Ryan Adams,0.301,0.22
6RbPsqsXQJaqhnwMA971mC,folk,In The Dirt,S. Carey,0.159,0.459
0XS4cNqj1UKkzzUqpqpzLg,folk,Child,Edward Sharpe & The Magnetic Zeros,0.203,0.358
4CjSIhFpTYKVLyw2vDTS6n,folk,Ivy & Gold,Bombay Bicycle Club,0.888,0.681
0SuG9kyzGRpDqrCWtgD6Lq,folk,Give Me Love,Ed Sheeran,0.11,0.328
4VJrTc5QPr13zgkwxaTjjN,folk,Little Boxes,Pete Seeger,0.783,0.194
4LqLWuLj0BY5F4zJTuncDR,folk,Sigh No More,Mumford & Sons,0.33,0.426
7BImMe2i4EyznTYHJKnB7e,folk,I Met Up With The King,First Aid Kit,0.283,0.396
2FT8msBBwok2NvwneARlib,forro,Eu Só Quero Um Xodó,Bicho de Pé,0.613,0.609
6AhuxzMcFUg3mhTS3WlWB5,forro,Levitar,Various Artists,0.723,0.96
4HmnZinloLPBLLaReQhROO,forro,Fede Mas É Gostoso,Various Artists,0.959,0.792
0EXhgSK7WhHFDWLLcta3Xx,forro,Homem Perfeito (El Hombre Perfecto) (Ao Vivo),Banda Calypso,0.74,0.83
3Ohd2dekYrjAQCeztoBlkr,forro,Só Sei Dançar Beijando Na Boca,Banda Garota Safada,0.771,0.99
40s9pZWnIot39Re7TFfFyK,forro,Forró Brecado,Airto Moreira,0.96,0.905
7hdoKFtMp3zo68GPKjKAiF,forro,Blind Faith,Gilberto Gil,0.207,0.299
0y8WJm7YHNGZSsmwJQLs7O,forro,Chalana,Bonde do Forró,0.361,0.419
3BI54Wm0F0dAqRVGItGl8U,forro,É Gaia,Various Artists,0.941,0.954
1qamKCfDlcPV44niEiQsOa,forro,Faço Chover (It Will Rain),Calcinha Preta,0.469,0.729
3IM7zXywZ6sRTtkRjRLxJ8,french,La terre est ronde,Orelsan,0.633,0.675
4NdsK3cARNmB86hvielcqh,french,Elle panique,Olivia Ruiz,0.645,0.921
0TdnNoSz5Z1s9iekOk5DED,french,Ta douleur,Camille,0.648,0.385
3hOFuhQ9irpUOyp7VJUviR,french,Les Feuilles Mortes,Juliette Gréco,0.231,0.382
4nZzwGvWRuyauiErMKX9Mm,french,Et alors !,Shy'm,0.365,0.848
6pFZIneQWt7wBLNVRD06VT,french,Pour un flirt - Live à l'Olympia / 1992,Michel Delpech,0.793,0.802
6RCQtA6aJhzVlIdihLrdoI,french,Miséricorde,Édith Piaf,0.218,0.23
2Wd4Yu2RtYZjSmzLLaghNZ,french,Le téléphone pleure,Claude François,0.43,0.482
4H0AKGpzl6dNNAcPoSZQaT,french,J'aime Paris Au Mois De Mai,Compilation Titres cultes de la Chanson Française,0.64,0.655
4hMsrR2JpxCeybyWN786qk,french,Le Graal,Kyo,0.762,0.857
7723JnKU2R15Iv4T7OJrly,funk,Funky Town,Various Artists,0.342,0.63
1EIl3D1fyxXRuzcUw3bxen,funk,Dream On Dreamer,The Brand New Heavies,0.96,0.835
06ObEGGlc8iwNI3vmtRm1s,funk,Standing On The Verge Of Getting It On,Funkadelic,0.757,0.777
6HZKlK1mDDBsILMoNNncxL,funk,I Want Your Love,CHIC,0.937,0.723
3nqP8YOhxJPdUzXJWbdKyT,funk,Don't Stop (feat. Tiffany Austin),Orgone,0.928,0.88
3h5IJ0EzVpkiaoL174GC3M,funk,Let It Whip,Dazz Band,0.954,0.9
7cnWNeQIQutKJmL3MZSfr6,funk,Do It Like You Do,Lettuce,0.835,0.525
3oJL3rNbTyRmHaU2Yr4TpP,funk,Too Hot To Stop (Part 1),The Bar-Kays,0.587,0.848
1UAA5hS4Ltn4QDmFeh5UCH,funk,Funk In The Hole,Roy Ayers,0.947,0.98
0tIUC7pNotlR2fxrpNcEMb,funk,Diggin' On James Brown,Tower Of Power,0.886,0.641
7KQZBdMidJBntkaUGdGpIy,garage,Tidal Wave,Thee Oh Sees,0.447,0.952
4zcZsWopOdBNQKjLlAFvHH,garage,Noc-A-Homa,Black Lips,0.675,0.941
0Z7VY2YzJdYThjXcMrH9Gh,garage,Invincible,Two Steps from Hell,0.307,0.778
5mpk0g5CgzcTBpYHHCsTcq,garage,Shell Of Light,Burial,0.6,0.508
1pqxpENiPYr3rm3RyOYlNO,garage,Mystery of Being,Various Artists,0.523,0.872
7oK9VyNzrYvRFo7nQEYkWN,garage,Mr. Brightside,The Killers,0.232,0.924
4flhEzNprMkUR0NxsKdOgw,garage,Evil Hoodoo,The Seeds,0.457,0.909
3LM41UarpHPJkUZ7rVbbGx,garage,Creeping Death,Metallica,0.198,0.951
0XOS5cH8cM3TufjtS2HXfr,garage,Drowned City,Dark Sky,0.192,0.642
1eQl02JAEuPomI9luZnmgI,garage,The Lie,Black Lips,0.246,0.963
6frz4UJ6rmnbv5gOLhTyPn,german,Universum - Single Version,Ich + Ich,0.547,0.799
0fP2tZ0NYxCgbZRxjRxiP0,german,Reeperbahn 2011 (What It's Like) (feat. Jan Delay) - MTV Unplugged,Udo Lindenberg,0.522,0.686
5Xeppus1VcUatqv9zS1sg6,german,Spinner,Revolverheld,0.37,0.861
2ioprMrfEcWyQQyLUrEkqq,german,November,Juli,0.317,0.567
2uxUAh26v8wzN72KhYv53D,german,Weinen,Adel Tawil,0.899,0.83
4yOn1TEcfsKHUJCL2h1r8I,german,Feel This Moment (feat. Christina Aguilera),Pitbull,0.531,0.758
1dAh6ZTYPMYBOcDSPX9jND,german,Ohne zurück zu sehen,Tim Bendzko,0.596,0.668
0c2uacKrb1vubqt22pLQfe,german,Der Räuber Und Der Prinz - 1998 Remastered Version,Various Artists,0.344,0.429
0R6SKfklERJVc9hY4OEDGl,german,Engel,Johannes Oerding,0.34,0.715
4bUEMyovq3NyZ0JyRwtSID,german,Wieder Winter,Kraftklub,0.442,0.958
5FdqVZKMHGKsx9Sf4iOIkG,gospel,I Need You To Survive,Hezekiah Walker,0.168,0.345
5w1XUDAVEeWIP669p3e48X,gospel,Better,Kirk Franklin,0.399,0.73
3nAL7SbBrEUcDGDAQofFfG,gospel,We Are Victorious (feat. Tye Tribbett),Donnie McClurkin,0.583,0.886
0iJFAYWcbX2pbDVIbfxT97,gospel,"Jump, Jump (feat. Kierra Sheard & 21:03)",J Moss,0.933,0.947
2Q6Hw9QtOab1jzdqkeA0eT,gospel,Something Bigger,Mary Mary,0.586,0.963
6j8k5yjxYXg5zxDOPoii5K,gospel,When You Praise,Fred Hammond,0.421,0.685
5vtp7w6Y4eWsrE7dczBuuc,gospel,God Is Great,Ricky Dillard & New G,0.473,0.939
101bQL8lRVXyhJpvOJZ2kG,gospel,God Favored Me (Part II) featuring Marvin Sapp and DJ Rogers,Hezekiah Walker,0.432,0.71
1z7vD21OAvX2xAa56WS7u4,gospel,My Worship (remix),John P. Kee and New Life,0.244,0.626
192y9dtivUa4khuKA30Xc2,gospel,The Power Of One (Change The World),Israel Houghton,0.354,0.608
11Ue6GqZVB3N9zmZHN9f5x,goth,Blood & Fire,Type O Negative,0.227,0.767
2D35UNG23mlFcGtEZQrJ3r,goth,This Corrosion - 2006 Remaster,Sisters of Mercy,0.639,0.868
2edSHS8PhbiPgLxQhMpMkO,goth,Nemo,Nightwish,0.375,0.744
6D5ih8y9mKmCSkuZO2Up2Q,goth,A Dangerous Mind,Within Temptation,0.476,0.894
6lZBYoSUfF1eHtq9USL9RX,goth,Whisper,Evanescence,0.372,0.845
4NxzfT3ugsLMHFeagQgXW5,goth,Darkened Days To Come,Sirenia,0.168,0.746
5IIdICPzTQc7EsSt7RkYv1,goth,River of Tuoni,Amberian Dawn,0.238,0.958
7sREvWYDUOuWgFFLB6EOmH,goth,Celebrate,Fields Of The Nephilim,0.153,0.161
0zRmHFEPfeT7IGzri9136X,goth,Not Enough,Lacuna Coil,0.2,0.914
3j4mCsZyv2vGdTgWRrreLM,goth,Fatman,The Southern Death Cult,0.545,0.92
3w54vzgCowNhLsmegGAnmx,grindcore,Outburst of Annoyance,Wormrot,0.0717,0.997
0XCorU9w0vbK4Nd1pedm8A,grindcore,Exhume to Consume,Carcass,0.192,0.816
5QLquVPwm9dFJmSDXOmxQf,grindcore,Turn Face,Brutal Truth,0.317,0.986
29SSEiS2jV5mWlJJeTlSUc,grindcore,Lost Cause,Pig Destroyer,0.068,0.997
5BCfzXmASNTxPYAJ0O7Uf2,grindcore,Misantropo A Senso Unico,Cripple Bastards,0.289,0.99
1NNRku53XLeFX92IkoMKwV,grindcore,Internet Era Alienation,Insect Warfare,0.029,0.999
3KYszvs0bTmQCdds9uubnJ,grindcore,I Hate People,Nasum,0.283,0.944
4JMZI6pr1FAthLME7Q0Rp0,grindcore,Love It or Leave It,Misery Index,0.488,0.929
6VnY04hMLmhTU1YRS9qZBW,grindcore,Mindkill,Rotten Sound,0.0314,0.985
7aNQSSyIvUlMXUS957hKUA,grindcore,Incapacity Reigns,Magrudergrind,0.248,0.836
03atA31in9e90rnWmLTgfl,groove,I Will Survive,Gloria Gaynor,0.866,0.627
5TAf4lnZCZTLlZHNZMLFLi,groove,I Try,Macy Gray,0.736,0.642
4nWTTuzOtW077rV17qOOzQ,groove,Cheri Cheri Lady,Dieter Bohlen,0.863,0.836
4TPRabQM5CEJ10GMeyf7NO,groove,Wonderful World,Various Artists,0.872,0.466
3kkeQ4438JJmbvqsRLLCFp,groove,Respect,Various Artists,0.964,0.504
3gJgUanZ5JcFZJ1a5hM3dw,groove,Ain't No Sunshine,Bill Withers,0.542,0.484
2YrB178PD0LrmFh17RSAdX,groove,Ain't Nobody - Live,Chaka Khan,0.452,0.93
5xl5582IihbEZAnfj0xyso,groove,Straight Up,Paula Abdul,0.762,0.826
64tCsJOa1BkDS09PuqTEy6,groove,Be My Baby,Various Artists,0.823,0.619
1eOVWJGzeH8vtM1ScjpIUL,groove,Let's Stay Together,Various Artists,0.568,0.302
14UIQ0JsgqOInDLcdTXpdH,grunge,Heartbreaker - Live,Nirvana,0.278,0.597
2yBAPa9HZj3P2szSaaj4k1,grunge,"Down In A Hole - Live at the Majestic Theatre, Brooklyn, NY - April 1996",Alice In Chains,0.432,0.515
2JdzB67NvIa90K4gEZPLeX,grunge,Lump,The Presidents Of The United States Of America,0.864,0.873
23NPGXlSaIqWzvxIRhM2oG,grunge,Under the Bridge,Red Hot Chili Peppers,0.513,0.49
1U8v17QBWhtJqLmJxk4Sr6,grunge,Overfloater,Soundgarden,0.568,0.619
2c5wml8wsBnPfNSbCZ574T,grunge,Take a Picture,Filter,0.276,0.762
2DrEeo4eMULdAVe1U7P9PB,grunge,Lithium,Nirvana,0.359,0.685
54u01HJsbqxpi2TcbGosW5,grunge,Mind Your Manners,Pearl Jam,0.888,0.904
3RuVVVNeXm1J6zv4BvQlhx,grunge,Pretty Done,Alice In Chains,0.342,0.883
6V6tVj4fpdHyxUfjSXFwNW,grunge,More or Less,Screaming Trees,0.363,0.877
0DANcJuMamcL9NyYkEWWTq,guitar,Stairway to Heaven,Led Zepagain,0.259,0.479
3CeYdUfGPCjKMDYyI1PpCh,guitar,Otherside,Red Hot Chili Peppers,0.513,0.795
3ZndRzRFoB09gq0DzmIyOh,guitar,"Hail to the Freaks - Live at Das Fest, Karlsruhe; Album Edit",Beatsteaks,0.403,0.976
3HfB5hBU0dmBt8T0iCmH42,guitar,Creep,Radiohead,0.126,0.344
0vg4WnUWvze6pBOJDTq99k,guitar,You're Beautiful,James Blunt,0.454,0.479
2wwRSaZgshcHSvGzWryUIi,guitar,Summertime Blues,Eddie Cochran,0.966,0.82
6jlxHfuLLletD7RYfqHJwI,guitar,Behind Blue Eyes,The Who,0.352,0.435
3EyyhPW2GcLYuwV1MajRd6,guitar,Sabotage,Beastie Boys,0.57,0.918
7vFv0yFGMJW3qVXbAd9BK9,guitar,Your Body Is a Wonderland,John Mayer,0.687,0.729
0ntQJM78wzOLVeCUAW7Y45,happy,Sex on Fire,Kings of Leon,0.374,0.905
1EzaEQ1hUWj7NWphY5Allw,happy,Mmm Yeah,Austin Mahone,0.977,0.939
7jA4agDnt1Oc6Fn2hifX0t,happy,Bohemian Like You,Various Artists,0.659,0.936
3bidbhpOYeV4knp8AIu8Xn,happy,Can't Hold Us (feat. Ray Dalton),Macklemore & Ryan Lewis,0.847,0.922
5IVuqXILoxVWvWEPm82Jxr,happy,Crazy In Love (feat. Jay-Z),Beyoncé,0.681,0.77
60Ctoy2M8nmDaI7Fax3fTL,happy,I'm A Believer - Soundtrack Version,Various Artists,0.912,0.976
3GTXok0dIm0mMqBiVklBYS,happy,On Our Way,The Royal Concept,0.352,0.793
2JvClsYrYfLz76Td6J9MPa,happy,Surfin' U.S.A. - Remastered 2001,The Beach Boys,0.964,0.878
3jfr0TF6DQcOLat8gGn7E2,happy,Do I Wanna Know?,Arctic Monkeys,0.405,0.532
5lF3QADoOib1P028Dj0hbn,happy,Flaws,Bastille,0.423,0.656
65WuSOl0mx1FhHgQub0uEX,hard-rock,La Grange,ZZ Top,0.52,0.532
6NwbeybX6TDtXlpXvnUOZC,hard-rock,Master Of Puppets,Metallica,0.593,0.872
5RHG4SQ6iJ1qQJmt3EFJCX,hard-rock,We're Not Gonna Take It,Twisted Sister,0.922,0.924
2VAIeoKt0SAxnPOdtbcePQ,hard-rock,Cherry Pie (Re-Recorded / Remastered),Various Artists,0.569,0.916
0vnZpC6zUiSCsiuW0NBNk4,hard-rock,Magic Carpet Ride,Various Artists,0.776,0.802
3w2GGz0HjIu9OcWXINRFJR,hard-rock,Rock and Roll - 1990 Remaster,Led Zeppelin,0.898,0.895
7cdnq45E9aP2XDStHg5vd7,hard-rock,Cherry Bomb,The Runaways,0.495,0.813
0C58Q1PLFizewm2FcYikwz,hard-rock,To Be With You,Mr. Big,0.532,0.701
33n5sdlGT8UODTUr15EOWz,hard-rock,Paradise (What About Us?) [Feat. Tarja],Within Temptation,0.428,0.928
32b8wStVMtiyTHE8rWrgvf,hard-rock,Drop Dead Cynical,Amaranthe,0.486,0.909
31UPEXwVGQOCwwwClu4T8g,hardcore,Hold It Down,Madball,0.231,0.984
66rLp2RFTZ6NgO3RpJkaAx,hardcore,Addiction,Agnostic Front,0.527,0.972
2XIYfFRlUT5LfGV0PPBPKh,hardcore,Angelfuck,Misfits,0.177,0.888
3j3TbTUIl0KfzVFMoj8Mtg,hardcore,This Place,Descendents,0.197,0.995
6U8tUutjg6SVF4OK2rN58c,hardcore,Reflections,Have Heart,0.0705,0.867
6Bnfx3pfcI1zisjv65s8rc,hardcore,Worms Of The Senses / Faculties Of The Skull,Refused,0.181,0.902
5ode1mUfjSSJFHPLcPSnG5,hardcore,Fair Warning,Negative Approach,0.359,0.924
2hceNWqvPzc2jMM2f6ZbqT,hardcore,State Of The Union,Rise Against,0.383,0.971
6p9JypjWtS7NlrEMZbhBBw,hardcore,What's Your Problem,Circle Jerks,0.834,0.879
1uxq5CUoUcCf8vGeeERBXw,hardcore,It's The Limit,Cro-Mags,0.307,0.983
4r47iLcY9Cur77Mv2r9Lel,hardstyle,Lonely - Original Mix,Wildstylez,0.546,0.928
1uJrbXHw7LSezn1tMW60yG,hardstyle,On the Go,Headhunterz,0.0742,0.974
1hvdO2XWB9m0GEgp8gpS0w,hardstyle,Let It Go - Radio Edit,Various Artists,0.151,0.953
5hBIWx081Ew6NATl3YqYc3,hardstyle,Raiders Of The Sun,Headhunterz,0.205,0.909
2kLolaXHXHZAB2SWKzgRKz,hardstyle,Squared - Original Mix,Zany,0.389,0.983
3qciK2CjNKilmoCr0XKL70,hardstyle,So High - Original Mix,Noisecontrollers,0.795,0.993
2KQo1nEPiGeSAX1ICuuKbG,hardstyle,Let It Rain - Original Edit,The Pitcher,0.172,0.86
6FNb9aITzxuHLHhStdC3kf,hardstyle,Rockstar - Original Edit,Various Artists,0.191,0.991
6tlRodqnPwOLKSyDsvrt8m,hardstyle,I Miss You - Extended Version,Wasted Penguinz,0.551,0.857
3PbT6iJviJQiUTdowpjzsd,hardstyle,FTS - Original,Various Artists,0.218,0.884
4Xp4p2RLlJp6EUExa6Cz3p,heavy-metal,The Scarecrow,Avantasia,0.293,0.871
5xXeIlEiWIA8xnPa8BkJyj,heavy-metal,Over the Wall,Testament,0.304,0.686
6tmx154r74oV7Ha3AQ3cNC,heavy-metal,Radix malorum,Gorgoroth,0.306,0.858
0UzhWantC3SRDwpNA6ygXt,heavy-metal,Death in Fire,Amon Amarth,0.164,0.986
60f1s0PSfuYNDqmA3wEOQk,heavy-metal,Two of Spades,Ensiferum,0.537,0.996
58Kclyn4LKyfaP5DNoOu2d,heavy-metal,Taking The World By Storm,Kataklysm,0.233,0.972
5sQ47B4YVsFXF2IWeJiPKB,heavy-metal,Lost in Space,Avantasia,0.216,0.732
1s4Ie0cT6P73SRSfh3oyGW,heavy-metal,The Number Of The Beast - 1998 Remastered Version,Iron Maiden,0.344,0.93
1VRnW4Qk8PP3EGGFMs6Z32,heavy-metal,Battle Hymn,Manowar,0.164,0.822
4YSyo6Gb3lfSV4k0AadalA,heavy-metal,Pinball Map,In Flames,0.561,0.96
5IweeQZdY5XEzStLzUJG5t,hip-hop,Purple Pills,D12,0.754,0.634
2xbI8Vmyv3TkpTdywpPyNw,hip-hop,Selfish,PnB Rock,0.0399,0.6
1vVNlXi8gf8tZ7OhnEs4VE,hip-hop,A Lie,French Montana,0.524,0.792
75ZvA4QfFiZvzhj2xkaWAh,hip-hop,I Fall Apart,Post Malone,0.291,0.538
3DXncPQOG4VBw3QHh3S817,hip-hop,"I'm the One (feat. Justin Bieber, Quavo, Chance the Rapper & Lil Wayne)",DJ Khaled,0.811,0.668
561jH07mF1jHuk7KlaeF0s,hip-hop,Mockingbird,Eminem,0.254,0.678
3ooAjhyOZ1xttGD0iq1GVO,hip-hop,"New York, New York",Tha Dogg Pound,0.694,0.532
0Ws8D3EWUDgY962Xftb0h5,hip-hop,"Cash Out (feat. ScHoolboy Q, PARTYNEXTDOOR & D.R.A.M.)",Calvin Harris,0.434,0.79
1AH60dMaEfNjzDoUIFwIQi,hip-hop,Beast Mode (feat. PnB Rock & YoungBoy Never Broke Again),A Boogie Wit da Hoodie,0.138,0.478
3iU29nCVaP0fwCvEZa83vd,holidays,Christmas Roses,Various Artists,0.744,0.43
1ndg7E3PrXLtbRZAO2UNPu,holidays,Christmas Auld Lang Syne,Various Artists,0.237,0.321
3SgXLFsStHwA2Y9PMvCz8Z,holidays,The Night Before Christmas Song,Various Artists,0.541,0.228
7oi49orPhuccvH9ApR7eYX,holidays,The Christmas Song,Vera Lynn,0.127,0.22
7oPYusgF2LjclCj2RnONRv,holidays,Snowfall,Claude Thornhill,0.179,0.074
38v47ymyhGXFX9Cfa9yGq5,holidays,All Through the Night (with Richard Marx),Heart,0.284,0.382
6WpDrizP8ipNEG7qG2Lypz,holidays,Sooner Or Later,Various Artists,0.241,0.134
7K8aDZqKxtQQPsT7IviHhT,holidays,White Christmas,Cliff Richard,0.176,0.212
78GQ2yzYA64hbE9gT6soLv,holidays,Joy to the World,Elmo & Patsy,0.749,0.314
0rnISJVk1R7oq4WEpkW2jz,holidays,Jingle Bell Rock,Various Artists,0.942,0.603
0jryDICIAztTxzwD5IjZuq,honky-tonk,Carried Away,George Strait,0.272,0.491
2PEkXkHKvk4bnC1TgTDCDM,honky-tonk,Sweet Annie,Zac Brown Band,0.171,0.434
18MS8gVY5UbjMQypepDgqi,honky-tonk,This Ole Boy,Craig Morgan,0.683,0.882
5pQtfVIaQvINzl0XIGKNrC,honky-tonk,Redneck Woman,Gretchen Wilson,0.74,0.847
0PYNG70wvQ3X3fCcfDWJG6,honky-tonk,Jolene,Dolly Parton,0.809,0.537
38CLNfnKWFVBJN5f0vcw4E,honky-tonk,Pirate Flag,Kenny Chesney,0.574,0.805
2XBZrsdIslC6sAnwQ2mUJT,honky-tonk,White Lightin',George Jones,0.965,0.598
4RyjKCD7vFGxhaHHotWMfH,honky-tonk,Peppelinos bar,Lasse Stefanz,0.967,0.987
1i0dSMHAT93YcRUSLJwG64,honky-tonk,"Live Fast, Love Hard, Die Young",Faron Young,0.817,0.215
5XSMEz3plMjaDETZa8F7uz,honky-tonk,Fish,Craig Campbell,0.599,0.673
0qzrBq0JQcYqFP4IGNB7PX,house,Long Time - Original Mix,Tiësto,0.465,0.818
4HVk2y63YUqoKyyx7DSOUY,house,Leave Me Behind - Radio Mix,Bauer & Lanford,0.108,0.815
6LuHcIZmMG5LU2hiqxscNb,house,#thatPOWER,will.i.am,0.398,0.604
37ROa71bglF3Xrwqbt7Vx3,house,Ignition,Nicky Romero,0.629,0.892
4bJhvPYFBlyoUOo8ts3b6B,house,Derezzed,Daft Punk,0.142,0.728
1HTh4meXIkX5JHVYs8DQ6r,house,Silenced By The Night [Alesso vs. Keane] - Alesso Remix,Keane,0.13,0.724
3U8biDNVpdtvrsJwaD4s9J,house,Tsunami - Radio Edit,DVBBS,0.388,0.923
5JtRPhMzaZqnhbEmcWWuqm,house,Never Say Goodbye (feat. Bright Lights),Hardwell,0.177,0.791
4MqMpR4oTZz1ihPmZEo0eH,house,Feel It (with Sean Kingston & Flo Rida) - Explicit Album Version,Three 6 Mafia,0.468,0.651
57ZgmPBjQzjF9XVWCW0xmr,idm,Seven Forty Seven,Various Artists,0.0324,0.545
66e60hwpUnBUKwNT3YzZsR,idm,Go! Spastic,Squarepusher,0.14,0.813
1Nr5DCrmbNwolyK4Dq46Jr,idm,Logl/Rock Witch,Aphex Twin,0.241,0.64
04ZbcIONrJTCECTaYrheNB,idm,Light Through The Veins,Jon Hopkins,0.054,0.673
3upL2OO5TRQXpxdyhK1RHf,idm,Melt!,Flying Lotus,0.241,0.833
4ZOv9mx6Lz7RRaBFi5UNaE,idm,Aquarium,Nosaj Thing,0.271,0.655
6Wei2NUSG66WzLiqSuQAy5,idm,Nanou2,Aphex Twin,0.0776,0.000982
17aio5mSLBL4hRmVNjXrqf,idm,Planetarium,Squarepusher,0.214,0.686
0X0tzF7VhZGPdvgnGSPXq3,idm,thank,Plaid,0.611,0.712
1fcKoMHat5NFGAUcfTqZkO,idm,444,Autechre,0.199,0.772
3jeYKtFC9Ol8CuwUvFRfZq,indian,Dev's Last Journey - The Theme - Devdas / Soundtrack Version,Various Artists,0.0385,0.381
3wOKU4CW3SYQkroOkDaYKD,indian,Dilruba,Kailasa,0.929,0.864
2sURneAotz0wUnak36GzQY,indian,Main Rang Sharbaton Ka,Pritam,0.713,0.57
6f3C6rJo7zvmfr1h5SRvxg,indian,Ladki Badi Anjani Hai,Jatin-Lalit,0.731,0.774
182jUSRyBpIoGzUcij4D1F,indian,Prabhati (based on Raga Gunkali) - 1999 Remastered Version,Ravi Shankar,0.278,0.172
2apzkt6lgTKN7Iv5d5SW92,indian,Khamoshiyan Gungunane Lagi,A.R. Rahman,0.23,0.349
3bnlel72WwhDfTGzFEBoZG,indian,Jannatein Kahan - Power Ballad,Pritam,0.444,0.806
42JzQZrPUtMnPEvvGxQn1f,indian,Tere Mere Milan Ki Yeh Raina,Kishore Kumar,0.632,0.511
0KtHnXQjYkHNDsjTX3XqLc,indian,Bhaag Milkha Bhaag - Rock Version,Shankar-Ehsaan-Loy,0.323,0.721
1uzkWkIaWaxzHJgJ4Fy5rO,indian,Bole Chudiyan,Jatin-Lalit,0.737,0.875
7iM7Zkf3uFQWE4IbjwYoN0,indie,Power Over Me,Dermot Kennedy,0.491,0.843
5zOnoB8FdZudDcPX4O8WqF,indie,(No One Knows Me) Like the Piano,Sampha,0.178,0.199
3kbTUGPCwtTwapTdF2ub8z,indie,Follow My Voice,Julie Byrne,0.162,0.112
3LHg768dEKqJKht2uPTlVR,indie,Ghosts,Laura Marling,0.75,0.368
0ZK8TGOsngrstVPsnrHbK1,indie,Peach Pit,Peach Pit,0.298,0.804
5Fli1xRi01bvCjsZvKWro0,indie,Houdini,Foster The People,0.764,0.908
5VarZFY00sO54HErJ3TPCI,indie,So Good At Being in Trouble,Unknown Mortal Orchestra,0.594,0.435
5IafdoRLyaGPeeA6f8ysIe,indie,I'm So Tired,Fugazi,0.155,0.129
5hNqD8yyT3TTqp7mhh3pp3,indie,Burning,The Whitest Boy Alive,0.891,0.773
7y79WtHkMzby7uFxdz3NZ3,indie,Czech One,King Krule,0.166,0.211
7HGTkn2aX7MNdKs7nV2xBt,indie-pop,Somebody Told Me,The Killers,0.647,0.987
2mkv1b3dRFyiJ4Ybq31owf,indie-pop,Hunger of the Pine,alt-J,0.0741,0.413
6ooluO7DiEhI1zmK94nRCM,indie-pop,Take Me Out,Franz Ferdinand,0.494,0.676
49h0RYK3yzWkfbVyNJjJ01,indie-pop,Do I Wanna Know?,Arctic Monkeys,0.445,0.574
2zyz614fJRrqQXW1q0sY1c,indie-pop,Girls,The 1975,0.898,0.911
6ZapsNk1ZpaebNXAIohP9R,indie-pop,Home,Edward Sharpe & The Magnetic Zeros,0.137,0.589
5VGlqQANWDKJFl0MBG3sg2,indie-pop,Use Somebody,Kings of Leon,0.173,0.715
4MzGM692jKGkNSQ7qzeTaJ,indie-pop,Fever,The Black Keys,0.743,0.674
5rJqv6nBKQQrFPY2B4pZib,indie-pop,Everywhere I Go (Kings and Queens),New Politics,0.502,0.981
5mSjJvTv9l5X2CblEa2ehN,indie-pop,Gunshot,Lykke Li,0.35,0.621
34vs8Nv1UbY63eWgMR1Tb2,industrial,Join In The Chant,Nitzer Ebb,0.611,0.748
3sbuk9GbeWTkMoBKfqUoF8,industrial,Kampfbereit,Front 242,0.195,0.447
13DXtbL8IILkVfOlIi8o79,industrial,Little 15,Depeche Mode,0.129,0.205
7vFOnk0yQVCmPKza0i857k,industrial,Memorabilia,Nine Inch Nails,0.332,0.989
6Zqj7C6uaIXFF5B8XxzWTO,industrial,Every Day Is Halloween,Ministry,0.74,0.759
3TQQia7NM2GwsiwiVZWrSC,industrial,Spit It Out,Aesthetic Perfection,0.532,0.985
5yGndwLq1MmGkQ6Ef28kRF,industrial,War On Error,Rotersand,0.533,0.93
5h7fEEW7DmBa0Pu5mdTnGq,industrial,Welcome to Paradise,Front 242,0.66,0.895
1P7bF9rc30uGS8oofgjr5b,industrial,Arising Hero,Funker Vogt,0.201,0.986
6D4wIYiIziq6m2Qh9mgF1L,industrial,Disposable Teens,Marilyn Manson,0.459,0.939
3CVDpnjD3G05fv2YQ0RFB7,iranian,Ney Nava / Naghmeh,Hossein Alizadeh,0.164,0.273
08UgPobNfySQPeUJjfa1Rz,iranian,Ma Beh ham Mohtajim,Googoosh,0.201,0.299
663KtZSYhWObuG37patjOE,iranian,Eshgh -e Man Bash (Be My Love),Behnam Safavi,0.826,0.924
7Gqd38DjMlisST6YcSaN2s,iranian,Delam Tang Shode,Zedbazi,0.435,0.554
0kKPEvDw2UvH0AdWHhsIP8,iranian,Nazi Naz Kon,Ebi,0.566,0.658
6ryPxSkoLQdLx21ECswJH4,iranian,Che Khab Hayee,Shadmehr Aghili,0.58,0.721
14YNj2x28nzIrTOAAiy7tZ,iranian,Man-O Gonjeshk-Hayeh Khouneh,Googoosh,0.118,0.269
0CmOQieZ7nYrP6Uo9Gi2cr,iranian,Ashiuneh,Hayedeh,0.433,0.334
2TpwlVaPZen2nZ9Zd1rqp3,iranian,Suddenly (feat. Rebecca) - Radio Edit,Arash,0.869,0.95
3BCUer5PlXIIB3SknVdbHX,iranian,Elaheh Naaz,Moein,0.491,0.531
722tyoTZE5JAVkyCMb3jvO,j-dance,#RUN,Tetsuya Komuro,0.645,0.894
0LxMgts0i2AZ3JXDbxIJxI,j-dance,All Over The World featuring Victor Davies,Yukihiro Fukutomi,0.553,0.814
30KOBavOG4frTBMHDlbK9P,j-dance,You are Welcome - Original Mix,DJ Tasaka,0.71,0.846
3IITf0ItgZrG1dDQmmx3fK,j-dance,Flight,Various Artists,0.771,0.824
19zCOrI2FpIODvytcxkxcL,j-dance,koboreteshimattamizunoyouni - 池内ヨシカツ Remix -,Faint★Star,0.503,0.779
3nvbZPAi5xsXdrWKUjAvni,j-dance,Feb 04,Takkyu Ishino,0.404,0.631
1lzJDp8HXsGp1QUhgjrzGP,j-dance,night voice,DE DE MOUSE,0.665,0.859
5gTDTfgv4NoKn9QPl6sHcG,j-dance,WEIGHTLESS feat. ANDY LOVE,KSUKE,0.268,0.714
5MV6LwrPq7xaitgMu2dxrC,j-dance,SYNERGY,m-flo,0.575,0.936
24BMvs3rFT8Yl6xemzARvS,j-dance,fallin',Ghost like girlfriend,0.804,0.73
0FLpAby5wPKHv8SguviJnF,j-idol,激ヤバ∞ボッカーン!!(アニメ Ver.),Moso Calibration,0.923,0.898
09ig9eT0ah9l6mqPukJC28,j-idol,SPLASH,Maneki Kecak,0.396,0.969
4QmQmxo1loZvnmT4NJD07t,j-idol,Darling Darling,Jang Keun-suk,0.755,0.891
2zFTvgrf6ADYKvbf0X9YPa,j-idol,ドリドリ,Shoko Nakagawa,0.441,0.978
4kMWW5loXgqa2WhtRfGFBL,j-idol,ティンクル,Minami Takahashi,0.854,0.846
0xoJFWEgHyJi9BTY0VRNJU,j-idol,Creaction,Akishibu Project,0.597,0.962
1OWkxXIoqLbGCZ5gMYow3x,j-idol,最Ψ最好調!,Dempagumi.Inc,0.705,0.981
1nN4v7YYzli38ySIA7c82y,j-idol,アイドル,ここな feat. ミオヤマザキ,0.341,0.962
4HqtK9xJuR2y7vxhANC5f3,j-idol,カラフル,ClariS,0.627,0.88
5i8UnPA1NjKpD7QaWyaFCG,j-idol,ちいさな ちいさな,Wasuta,0.559,0.775
1CpYTi0SQ3hsyxkGUxzj2f,j-pop,ideal white,Mashiro Ayano,0.439,0.934
2nFRUHhPhT9lus1xtkQtUp,j-pop,ファミリーパーティー - album mix,Kyary Pamyu Pamyu,0.869,0.908
1w2yONa3yfqAHyY5tqFosU,j-pop,Hi-Five,Superfly,0.694,0.864
0NGRhn8yItYShgVHUlpYgq,j-pop,お願い!セニョリータ,ORANGE RANGE,0.591,0.888
7Jy8rrORinhl0ZmTMcYEQ0,j-pop,Sisters,SCANDAL,0.617,0.857
1g2D4dhmNFF1eGCdlHdGNA,j-pop,くじらの巣,domico,0.407,0.696
4plI2gd8aM6EowYmehQc9x,j-pop,Beautiful Life,AI,0.354,0.632
1THgEf7LF26w1uZmK15vXX,j-pop,Afterglow,The fin.,0.44,0.817
4ei6ndsUz88j0r6FJn0CwA,j-pop,FREEDOM - NO EDIT,globe,0.88,0.902
6ME8NwgcKY9AqJPrHGJY2y,j-pop,Beachside Lover,The Hotpantz,0.457,0.797
0V0BDbUyslaOULBgRpS1YM,j-rock,雨天決行,Tokyo Incidents,0.736,0.506
3elouuZKimxnIKhBjUZQ24,j-rock,CQCQ,"Kami-sama, I have noticed",0.711,0.917
3S8Zs7Gqjzr3dzHDFuCRdN,j-rock,Electric Surfin' Go Go,POLYSICS,0.63,0.945
62QdGeghTuWTKXGsLsN5Py,j-rock,ZERO,VAMPS,0.383,0.964
73zEh1oWekCXIZVAkahzEN,j-rock,Monster,THE RiCECOOKERS,0.522,0.487
02eUYzGE92sZL253A39vBt,j-rock,荒野を歩け,ASIAN KUNG-FU GENERATION,0.363,0.823
0rJMKXdEHlcu20LKj05rce,j-rock,HERO,THE FLYDAY,0.683,0.98
0rCMlyJf9sv5BrETQkCCFY,j-rock,ENDLESS SUMMER NUDE,Magokoro Brothers,0.64,0.963
0BMwIFjH2UCfsGDsQf7fTO,j-rock,no future - Instrumental,Bloodthirsty Butchers,0.403,0.635
2DjiJLLcPEQuim52KIgIGM,j-rock,Sun Myself,Various Artists,0.772,0.805
1CDBaGlisZlOJzvx88lL8A,jazz,Song For My Father,Horace Silver,0.591,0.671
29axpCDY8Gf5cJOZ8rG6AS,jazz,Directions,Liam Noble,0.734,0.172
1DgQyMa4f1myDWa21BwgVq,jazz,I Let a Song Go out of My Heart,Alice Babs,0.478,0.4
1OGwtlps3T1Fo70q6zZUAs,jazz,Are You Real - Remastered,Art Blakey & The Jazz Messengers,0.665,0.667
66dtIYkpmtSZAIJzp4qlKN,jazz,Wake The Neighbors,Kris Bowers,0.192,0.853
796NTbUTaySCOVqvV2XIuB,jazz,Arcade Coffee Shop,Kristian Borring,0.29,0.192
7IPEQ3ScOp9cAd3dC7JvDn,jazz,Mama Too Tight,Archie Shepp,0.718,0.675
3pcmCjGpvJJseYmD2TPlEh,jazz,I Cover The Waterfront,Annie Lennox,0.292,0.201
2l2Wc0siUPFZg1SEHfkk7J,jazz,Tensity,David Axelrod,0.312,0.45
1rmykIK4vBrCGLq6PR8U5u,jazz,Avalon,James Carter,0.89,0.663
70yagRK5PfSHCA9oducpYm,k-pop,활,김태성,0.113,0.378
2EFDlTTFdC4HrV8UfLfnkp,k-pop,Dream,Yiruma,0.108,0.0595
1qJ6HHAlajckYox9OghTHb,k-pop,HOOT,Girls' Generation,0.925,0.977
6XXuR2UHRCDQNyB4Ny5rUK,k-pop,Romance is All Around,V.A,0.768,0.497
6MYgJtV9IU4QTYOdhKinnD,k-pop,애인 있어요 (원곡 가수 이은미),샘 카터,0.172,0.406
3MTfGthhjxTlVHIB8gFLZN,k-pop,숨바꼭질 (inst.),V.A,0.881,0.552
1OPmEI3EixtYE1Y5ARBYcm,k-pop,Angel,SE7EN,0.677,0.716
61Xu04ijZgZS7Np84nHZhq,k-pop,Brother And Sister,G.NA,0.882,0.871
0IRJadRzG1ypfqEgb1BxGS,k-pop,Dear TV (해열),Tablo,0.76,0.469
4CV4ZtDPQmXD6PGFtVhbL9,k-pop,볕들 날,Hwaii,0.201,0.333
4z7QGidwzfe59eny2SF8aj,kids,Smells Like Teen Spirit,Rockabye Baby!,0.521,0.299
4mHu0AdCu5b0HuY5kkBdJa,kids,City Garden Rap,Wonder Pets,0.696,0.687
27kV88aIyoUNFl2Zr8xiVJ,kids,Verb - SHR Edit,Missinglink,0.649,0.542
2gLAI8WGYCjrEGvVIataGr,kids,Counting Stars,Kidz Bop Kids,0.884,0.773
42Yjw5KEY2vJBkcCQh5S22,kids,Going On A Bear Hunt,Susie Tallman,0.928,0.68
7exER11O6jaBmUWhOvWRGh,kids,Wade in the Water,Ella Jenkins,0.329,0.262
6rqY8aewgPpg4ILN96vo3f,kids,Ba Ba Black Sheep,Caspar Babypants,0.902,0.379
5BDAbZToOXc7pH99TNJI3g,kids,Not An Egg,The Backyardigans,0.519,0.537
5rXUXw606m5YVCALeBZRIp,kids,This Land Is Your Land,Little Mo' Mccoury,0.881,0.516
5dl8WFCxndWZlsDXuzT00p,kids,"The Best Day Ever (with Sandy, Mr. Krabs, Plankton & Patrick)",Spongebob Squarepants,0.591,0.711
5sQGo3fB2NoFalyy4uZjiu,latin,Ojalá,Silvio Rodríguez,0.377,0.235
1ei3g2hMYh1VKvik9FoUQR,latin,Sólo Mía (feat. Maluma),Yandel,0.864,0.733
1PZ3QsCFec05Ls3PwOqKXZ,latin,Tiene Espinas El Rosal,Grupo Cañaveral De Humberto Pabón,0.822,0.423
5hyq5k3Do9gW3HGvDg5ZEJ,latin,La Lola,Café Quijano,0.867,0.79
2pK7tq9N5Yr7w9gZbWpNxe,latin,Fuiste Mía un Verano,Leonardo Favio,0.403,0.455
4iqXKJhwbOtOT5aHZr7Fxj,latin,Me Cuesta Tanto Olvidarte,Mecano,0.498,0.229
6b0wH4eNO6Jx6ZwAoGmHfK,latin,Me Vas A Extrañar,Pepe Aguilar,0.565,0.36
7DrluKkTviBwCc8AV3VGmf,latin,Clandestino,Shakira,0.881,0.822
1zRqRmZyE0bgXkSoVVaCwK,latin,En Ésta No,Sin Bandera,0.4,0.503
7wRvRmq56V2ydnFFuJoOaH,latin,Te Deseo Lo Mejor (En Vivo),Gerardo Coronel,0.962,0.522
4Uvknj2gFtJ4b51QkDeSx2,latino,Por fin,Pablo Alborán,0.254,0.409
41dwfdVGLtjXxIKE65yUWP,latino,Can't Remember to Forget You,Shakira,0.824,0.81
2MioxSroS0g1mi24LLfcnq,latino,Por un Segundo,Aventura,0.965,0.562
3Llqnc4urPjFeSnJbyDY2c,latino,Temblando,Antonio Orozco,0.197,0.774
2xIZ74gMY794yuZir9zwgc,latino,Siguiendo La Luna,Los Fabulosos Cadillacs,0.816,0.439
2FmQWgxcHefsoyw4ob0yq3,latino,Quién Se Anima,Gerardo Ortiz,0.983,0.685
4XhqLlodOmH3HVoyztS1zA,latino,Creo en Ti,Reik,0.435,0.268
774MLFbOy9NNkh6E2HYhhy,latino,La Playa,La Oreja de Van Gogh,0.366,0.577
2LTcAMwvECXoKxHUW640V1,latino,Por Lo Que Reste de Vida,Thalia,0.389,0.757
6RlAZ8QY4LcA4DxUUIiwmn,latino,Limbo,Daddy Yankee,0.917,0.875
37wrhH3OnJw3VBFerPYqyf,malay,Kalimah Cinta,Amy Search,0.266,0.303
6OzyK08svJmVBZGgKXi6Ni,malay,Ternyata Cinta,Padi,0.356,0.731
404hU57FUcViCzElhOKzb7,malay,Salam Terakhir,Dato' Sudirman,0.227,0.576
3mvRJMn6gMhgjZrcaf3Edp,malay,Curiga,Ning Baizura,0.0394,0.29
0DSyts3bOCE09yxNK98pep,malay,Jangan Lupakan,Nidji,0.311,0.461
4ksgoAjYOn7fGVG5SgqgAK,malay,Legenda,Dato' Sheila Majid,0.3,0.397
1Nizg6wA1jOCcgNJ29aqzL,malay,Aku Baik-Baik Saja,Ratu,0.309,0.448
4YSK4peOikOobzZ7kp8CY9,malay,Awan Berlalu Pergi,Man Bai,0.358,0.546
7FjPYGkt2YCgKjQVKVq9XS,malay,Bathera Merdeka,Datuk Ahmad Jais,0.394,0.321
4Fg3YkddCnXT2HluIoWaCp,malay,Redha,In-Team,0.136,0.325
3J6YxipvHHhUsyUbKJaeqb,mandopop,黑天鵝,許慧欣,0.376,0.864
5A36twZjVJsc4VdxMck3rc,mandopop,紅糖水,Chris Yu,0.197,0.371
1ALlSLrAls9JaJnboXMM7Z,mandopop,修煉愛情,JJ Lin,0.239,0.648
2T0I3HTMA0fdIAdlSWnlce,mandopop,月半彎,Jacky Cheung,0.317,0.452
60jJiRTHnyFvqm8F99lQCW,mandopop,認錯,優客李林,0.324,0.28
3SPqieoOf9sw12aZkLZSDd,mandopop,Loving You,BY2,0.298,0.425
05Mw2bHHClR3AWLcf5GmVC,mandopop,寂寞沙洲冷,Steve Chou,0.618,0.495
3tPhn7ocw1yDxOSBIiDHF6,mandopop,揮著翅膀的女孩 - 國,Joey Yung,0.434,0.267
6MESd4fSpAb9upsUBsvrWc,mandopop,情歌沒有告訴你,Fish Leong,0.266,0.699
6yXVqMDGo9Du7goz6tXrq8,mandopop,對愛期待,黃小琥,0.271,0.499
3vjfFKMqFclw9KJdTaMLRz,metal,Now We Die,Machine Head,0.0783,0.98
1qlRSRaD3Hb5lfzcAs0Ev1,metal,Carrie - Single Version,Various Artists,0.144,0.524
4QrvwbiPaOMqoayUJ1razT,metal,High Road,Mastodon,0.467,0.957
4hOohf45f0JtxYKNsEAIOV,metal,For Whom The Bell Tolls,Metallica,0.213,0.861
6ursmCnbc9oDRGa2yHKkoZ,metal,Roots Bloody Roots,Sepultura,0.261,0.874
3ebrniHtOzNWigJhEkWguR,metal,Paranoid,Black Sabbath,0.182,0.961
5MZrOnwTMwnUqAMxTNnV7t,metal,Heaven Nor Hell,Volbeat,0.672,0.768
3MrRksHupTVEQ7YbA0FsZK,metal,The Final Countdown,Europe,0.188,0.843
0QRxtcxL31dRAeiUUuENPu,metal,Territory,Sepultura,0.303,0.946
7fcfNW0XxTWlwVlftzfDOR,metal-misc,Walk,Pantera,0.703,0.704
6bDVc03eMOMfvKez5qMAcq,metal-misc,Still Counting,Volbeat,0.366,0.923
51TG9W3y9qyO8BY5RXKgnZ,metal-misc,Symphony Of Destruction,Megadeth,0.51,0.891
2h1rjzw90ZeMgbzOHJFHao,metal-misc,What If I Was Nothing,All That Remains,0.221,0.768
1pPlSUdw0SoYHi2YBa57j8,metal-misc,Strife,Trivium,0.309,0.987
0EYtFwA4BA0uoozzCGqKjd,metal-misc,Ace of Spades,Motörhead,0.209,0.99
57fqmDaokbxZ3TaB0jp39q,metal-misc,Holy Diver,Dio,0.109,0.901
50r8v0uwRlhlBiy3o39DIq,metal-misc,Poison,Alice Cooper,0.285,0.893
6iC4yNDnwpSJ61Sz8g6EDG,metal-misc,Carrion,Parkway Drive,0.428,0.969
2eDjwnjzODPYouW3en1eTw,metalcore,Pittsburgh (No Intro),The Amity Affliction,0.402,0.943
1rih4htJUSA9c5vRHp5a8O,metalcore,The Balance,August Burns Red,0.305,0.97
1zalQPA3y0Latbiis4motB,metalcore,To The Stage,Asking Alexandria,0.0553,0.987
0hZVoEGeSZG2A5gjZx46Ig,metalcore,Quantum Flux,Northlane,0.264,0.907
4AtYqrzFTQNydF1uo02BFk,metalcore,Time Will Not Remain,Killswitch Engage,0.539,0.977
2wVY3XAbaIK0Kw2fzpuTSN,metalcore,An Ocean Between Us,As I Lay Dying,0.0419,0.997
4geHi4niVBx4lQ4Nku1Q3t,metalcore,Afterlife,Avenged Sevenfold,0.391,0.95
068y76RWvyvUHPGKyDSOQh,metalcore,The Sadness Will Never End,Bring Me The Horizon,0.0696,0.837
3NoQ4X6xYebrtzNJg8d4oi,metalcore,Right Side of the Bed,Atreyu,0.722,0.926
6VgEh8EaCAI57ndyq3dCrw,metalcore,The Road,Asking Alexandria,0.451,0.961
2LjCDa2D7ub6s0tZ9SP4f3,minimal-techno,Magnetic North,Sasha,0.242,0.687
00DgpLEbEGEZT2qimby2a7,minimal-techno,Energy Flash,Joey Beltram,0.403,0.583
6LRG9xvp3wIVTTwA4WdKdp,minimal-techno,Punset - Solomun Remix,Edu Imbernon,0.6,0.756
5b7d4Xt9Ih7f6Ok22DZXC4,minimal-techno,Down,Kaiserdisco,0.528,0.51
39VfFItzZejusmAWWdyFZv,minimal-techno,The Bells,Subculture,0.786,0.93
6vgqr9xnAHu45Oq0k2wYra,minimal-techno,All That Jazz - Popof Remix 01,Various Artists,0.146,0.781
2o9rLZArUqCyustHD11Cim,minimal-techno,Flashed,Gaiser,0.124,0.931
1WhWy7Zu8z4hC205gt4EX8,minimal-techno,Qazaqstan,Einmusik,0.923,0.734
4bI7xOz812L1tS3Fja56we,minimal-techno,Setsa,Dixon,0.477,0.376
4vxTLwstjJ5QZPtJGjbpfQ,minimal-techno,Affekt - Original,Kollektiv Turmstrasse,0.128,0.418
7CAhxeaTYXn1qWNRkZl9ad,movies,"Everybody's Talkin' - From ""Midnight Cowboy""",Harry Nilsson,0.676,0.473
6Diylgf3LMSQF59yjRsRYT,movies,Hedwig's Theme - From Harry Potter And The Sorcerer's Stone,Movie Sounds Unlimited,0.114,0.204
1912FIywLGhbEGukUFwEXq,movies,Subjugation,Alan Silvestri,0.0384,0.14
4OnqJ1ml4Jgr5AAKNrrYCD,movies,Down in Mexico,The Coasters,0.894,0.589
2pSMjadGmWcUbIF5eqLUxE,movies,The Battle of the Pelennor Fields,Various Artists,0.069,0.399
5nWbbQ0sIEabqPxAdqmh66,movies,Sweet Disposition,Various Artists,0.347,0.804
2HPDQRo4U8dtpgNc1JwaNW,movies,Oblivion,Various Artists,0.0797,0.395
0UPsdEgJx6ypkfFUxD3ZHh,movies,Don't Move,Phantogram,0.482,0.642
7szCdhEyZ2xAEkVyZWS9uB,movies,Queen Bitch - 1999 Remastered Version,David Bowie,0.962,0.813
1NjyJYoTEAyUDd49vtsDYR,mpb,Quinze Anos,Djavan,0.418,0.407
77srmvSnvXbtjhq1omiPxe,mpb,Brasis,Gabriel Moura,0.675,0.815
6TlHQWUuhHjlSMvIi4De5g,mpb,Copo D'água,Marcelo Jeneci,0.6,0.922
1acp6dHMivSQiyQliLmYQN,mpb,O Barco - Versão Sarau Edit,Toni Ferreira,0.262,0.183
3TgV8JeGZomjC3jfa3yeCD,mpb,Eu Não Moro Na Sua Vida,Isabella Taviani,0.442,0.422
5Wa0BT8lGkQq755dfZrZJG,mpb,What Would You Say,TIAGO IORC,0.699,0.49
70dA9CKrbuxvQppw8wBE8h,mpb,Vive,Djavan,0.188,0.253
5dq7EWfepM45XaJ8yc0Etu,mpb,"Madalena - Live At Credicard Hall, São Paulo / 2012",Maria Rita,0.657,0.825
1SxNHQSrK1U9d4gZ866LBX,mpb,Segunda,Gal Costa,0.249,0.234
7oHJkFZQ2hUZF8SkeJupIp,mpb,I Know It Won't Be Long,Maria Gadú,0.695,0.328
24TOhhpJeIGCxqGjXg3Cn3,new-age,Four Winds,J. Reuben Silverbird,0.0331,0.211
56RywmTmKTkmhpOKTOIRCh,new-age,Ehsellyei,Gary Stadler,0.143,0.101
3uIMuGMAXOIv1ecbqWwmw0,new-age,March of the Celts,Enya,0.0634,0.0295
7MGFhIe9CBI5baTwLMj7iE,new-age,A Gift Of A Thistle,James Horner,0.0578,0.012
47PHfVV8QQxr1iUAomoGFr,new-age,Lore Of The Loom,Secret Garden,0.505,0.494
69qu6EbhvKvVjU3Ut8GwEO,new-age,Song For Monet,David Lanz,0.22,0.0561
665HcXeD5Ev0n5MN8qFUGP,new-age,Ode To Simplicity,Rolf Løvland,0.0647,0.17
0Bhy8jdEWfxetmhu2wTSLr,new-age,China Roses - 2009 Remaster,Enya,0.0956,0.255
6ruwZkVRHRWQvo2DYpRj1a,new-age,Regõ Rejtem,The Moon & The Nightspirit,0.0707,0.65
6pS3tkmMpYFfJU81rSZia8,new-age,Cathedral Echo,Kevin Wood,0.871,0.566
6OXU517AeB6iYEMy10rRmr,new-release,Ruins,Ella Isaacson,0.237,0.8
0EaqTZtx0wyKBT1VluOtCi,new-release,RCVR (feat. Debbie Gibson),Big Black Delta,0.326,0.885
6TaqooOXAEcijL6G1AWS2K,new-release,All My Friends (feat. Tinashe & Chance the Rapper),Snakehips,0.181,0.521
27eKJ4RlK36novSUJQXlVH,new-release,I Was Me,Imagine Dragons,0.147,0.449
2khqMJ0UmmTCgiIjr8RhL3,new-release,Dancing On Glass,St. Lucia,0.356,0.939
0QCoA8f4gK0lGtGzCIrBjg,new-release,Just Like That (feat. Johnny Graves),Pegboard Nerds,0.338,0.768
44cHg0JIrS144r7qLupD9o,new-release,Hollow,Tori Kelly,0.351,0.527
14c6Q17DoHUY4A2u9HlxxL,new-release,Hyde,Astrid S,0.22,0.404
2JmvwF29iUVb3oEFW4Bvf3,new-release,New York City,The Chainsmokers,0.0624,0.639
2aB6ePZ506uV0hQRdQaFHw,new-release,Air,Basenji,0.179,0.663
2Bl3bg9CP9Q2iqoZFgtFvV,opera,"Anna Bolena - Tragedia lirica in due atti / Act 2: Sul suo capo aggravi un Dio (Anna, Giovanna)",Gaetano Donizetti,0.104,0.273
5lqigS1reMNzZDpLGSRsOH,opera,"Verdi: Aida, Act 2: ""Salvator della patria"" (Il Re, Radamès, Ramfis, Sacerdoti)",Giuseppe Verdi,0.114,0.1
51gY9TOvgS2HCV024V5w3p,opera,Bizet: Carmen: No. 1 Prélude,Angela Gheorghiu,0.228,0.27
6GgQo2yXgF5Mc4JfVDaYZU,opera,"Don Giovanni: Don Giovanni, Act I - ""Notte E Giorno Faticar"" (Leporello)",Various Artists,0.672,0.191
6H2sjngOUlItnSdds7AMBs,opera,"La Bohème, ACT1: Che gelida manina",Giacomo Puccini,0.0793,0.195
5FG4oscqeJx9BYFSf04AQM,opera,"Mozart: Die Zauberflöte, K. 620, Act 1: ""Der Vogelfänger bin ich ja"" (Papageno)",Wolfgang Amadeus Mozart,0.509,0.144
7vpOG9PwfsEUD8TiPTJFeH,opera,Sposa son disprezzata,Cecilia Bartoli,0.0444,0.00753
3hBSx5fBOOjQ3kJzVnNpwm,opera,"Giulio Cesare In Egitto HWV 17 / Atto terzo: No.37 Aria ""Da tempeste il legno infranto"" - Live",George Frideric Handel,0.496,0.195
2ELarOj2Bsyxu9kSbU5DKw,opera,"Verdi: Aida, Act 4: ""Spirto del nume, sovra noi discendi!"" (Ramfis, Sacerdoti, Amneris)",Giuseppe Verdi,0.0393,0.146
7fmX6tOus0R4rpZLDio6KK,opera,"Madama Butterfly (1987 - Remaster), Act II: Un bel di vedremo",Maria Callas,0.066,0.0741
57KTvGJWbCCRv7167ziXZa,pagode,Dona do Meu Amor - Ao Vivo,Art Popular,0.962,0.806
6NKpbV9eWl9skmLmWjVqNx,pagode,Ninho De Paz,Jeito Moleque,0.605,0.832
2XvYqkrjMcyjdSJ6D5XuxG,pagode,Castelo De Areia,Jorge Aragão,0.882,0.641
5K0OrDk6Ep5IXwhbXLFaGQ,pagode,A Vida Me Deu Você,Alexandre Pires,0.541,0.574
1ASsPTDlEN09PzOfDvzmDe,pagode,Paixão Falida,Almir Guineto,0.924,0.671
1XCrbmgNHUpUtHjOZ8qeQR,pagode,Pé no Chão - Ao Vivo,Samprazer,0.798,0.923
4TuPK2atqlB7wgMYOdixmT,pagode,É na madrugada - Ao Vivo,Bom Gosto,0.572,0.826
32I8GGRgt1mgDXSkAlTI05,pagode,Alucinado,Doce Encontro,0.481,0.498
1g2HpxothQOiYE5RtBAX20,pagode,Só Pra Te Avisar,Jeito Moleque,0.75,0.767
6VptpesC8Al1d6S2Pr8cie,pagode,Raio de Sol - Ao Vivo,Art Popular,0.966,0.826
6SPD3JwwRejBhCDiQAQ4he,party,Run It!,Chris Brown,0.217,0.482
27mhCGdAA8gM7b33KIiB3k,party,Cyclone (feat. T-Pain),Baby Bash,0.578,0.72
7vwkKw2Xd7Pks1X712Au0T,party,Remember the Name (feat. Styles of Beyond),Fort Minor,0.88,0.835
6E0dc82Da4W5QWXR8ktoGT,party,Call On Me - Radio Edit,Eric Prydz,0.483,0.847
2dLLR6qlu5UJ5gk0dKz0h3,party,Royals,Lorde,0.337,0.428
6jdOi5U5LBzQrc4c1VT983,party,"Hold On, We're Going Home",Drake,0.289,0.414
4DBkrkVzx7jxxIjxI6FYvz,party,This Is How We Do,Katy Perry,0.8,0.633
6dDIOU6AqgLkrjFNPgvKY6,party,FU (feat. French Montana),Miley Cyrus,0.467,0.833
3GpbwCm3YxiWDvy29Uo3vP,party,Right Round,Flo Rida,0.705,0.672
1I2HLSCA1MqCGuyzrPmu58,philippines-opm,Magdalena,Freddie Aguilar,0.466,0.534
6XmskR1cMfgys1W7dExmgi,philippines-opm,With a Smile (feat. Kelly Badon),Various Artists,0.508,0.534
5lSHwNiZrSu7f3chuYE8Zf,philippines-opm,Kunin Mo Na Ang Lahat Sa Akin,Various Artists,0.211,0.238
6wGX0VyKwKS4xJgnMzdgoc,philippines-opm,Naaalala Ka,Jericho Rosales,0.144,0.175
7zpKAT5Wi9RzujzWL21jr4,philippines-opm,Get Here,Various Artists,0.193,0.163
2SSIn8lW08frx3ANwTaoMR,philippines-opm,Kahit Isang Saglit,Various Artists,0.0708,0.258
5gKhiGJgfitA3uT1wvnb03,philippines-opm,Isang Pangarap Lamang,Various Artists,0.397,0.608
553M0Jtdm6KWlPSAJmOeee,philippines-opm,Dim The Headlights,Urbandub,0.421,0.91
5F4F52tsAQpMEPYkA1AYG5,philippines-opm,Dahil Minahal Mo Ako,Sarah Geronimo,0.225,0.545
16v48E2bhxWFgTufzZmqZb,philippines-opm,She Could Be,Various Artists,0.801,0.677
3DzMT13HJV7EsbVbNZZJZQ,piano,Theme From Schindler's List,John Williams,0.0769,0.134
3czZ9AM7e8ynOaF8EdZwYf,piano,Finn McCool,Michele McLaughlin,0.153,0.458
0UOyGn83SOyt8fdBKCpaUl,piano,"Falling, Catching",Agnes Obel,0.614,0.082
4IaQUqyZKUgQZn4Z9R2VzN,piano,Poemusic,Yiruma,0.0852,0.117
6ZFbXIJkuI1dVNWvzJzown,piano,Time,Hans Zimmer,0.0395,0.0968
3SYpNSW2sXVghgwW1Ffm6I,piano,Willow,Helen Jane Long,0.098,0.0704
6oH2ubEi0Ro3QEdTV3jYFR,piano,Hymn of Nature (All Creatures Of Our God And King),Jon Schmidt,0.107,0.0697
3Dk6GW0Hy9TH3U408NEfJe,piano,Siegfried Idyll,Howard Shore,0.0643,0.00589
0gtDTpbbwSL6ikvgptw2EW,piano,Inside Of Me,Yiruma,0.039,0.103
0fGxfaM7FOey3LzeZVAxCN,piano,Variations On A Theme From Pachelbel's Canon In D Major,David Lanz,0.103,0.21
03iCbZaM4OkRR4We6wIzvx,pop,IDOL,BTS,0.446,0.857
4e4fqjx0Izh4svvTef1z7e,pop,Meant to Be (feat. Florida Georgia Line),Bebe Rexha,0.589,0.772
5yFSF6qQA1rcLsQRnBsZgb,pop,All Falls Down (feat. Juliander),Alan Walker,0.662,0.678
11EDhDAVDtGPoSar6ootYA,pop,Strangers,Halsey,0.284,0.784
2Foc5Q5nqNiosCNqttzHof,pop,Get Lucky (feat. Pharrell Williams & Nile Rodgers) - Radio Edit,Daft Punk,0.862,0.811
1QV6tiMFM6fSOKOGLMHYYg,pop,Poker Face,Lady Gaga,0.787,0.806
1wsLHgXJ4SKIfd5ePSX1hD,pop,Polaroid,Jonas Blue,0.475,0.897
6t2ubAB4iSYOuIpRAOGd4t,pop,Cake - Challenge Version,Various Artists,0.687,0.854
1byScELwcJffsdL5QWa6Yk,pop,Why,Sabrina Carpenter,0.623,0.557
46lFttIf5hnUZMGvjK0Wxo,pop,Runaway (U & I),Galantis,0.383,0.805
3Y9wdXMh6sNt9fUwUqTqb7,pop-film,Twisted Nerve,Various Artists,0.224,0.166
3zECldeBYO8lj8QZlUB2Be,pop-film,Born To Be Wild - Single Version,Steppenwolf,0.562,0.827
2hHS6EOix0FLXjHng8xTTn,pop-film,From Rusholme With Love,Mint Royale,0.628,0.868
0bSr5pybJSlgG5OZH441gF,pop-film,Simply Irresistible,Robert Palmer,0.716,0.841
20yaQDVW6gefTsdoa9Out7,pop-film,"Ghostbusters - From ""Ghostbusters""",Original Soundtrack,0.767,0.758
4zitGsN8QeDslYT61lUB3D,pop-film,Build Me up Buttercup (Re-Recorded),Various Artists,0.715,0.648
6sy41dTeKnoTwuhxIOrz7F,pop-film,Talk Show Host,Radiohead,0.504,0.479
0FXsG6FLVIgOZfoymG91HD,pop-film,Born Slippy (Nuxx),Underworld,0.331,0.954
7kn5XuD2nKL1KuuAiN6Yqq,pop-film,Where Do I Begin,Various Artists,0.614,0.637
2KH16WveTQWT6KOG9Rg6e2,pop-film,Eye of the Tiger,Various Artists,0.548,0.599
2F28OBlDi2FQEevQ6rN28F,post-dubstep,Piano Player,Gil Scott-Heron,0.52,0.326
31dJeAt20CQu4hm3IcRaMY,post-dubstep,I'll Stay,James Blake,0.71,0.707
3RpHgYUK1bB0LEjaISK0JU,post-dubstep,I Don't Want You Calling,Gang Colours,0.0785,0.404
3yjUBPHM31Q2juf7XXLCyn,post-dubstep,Wayfaring Stranger - Burial Mix,Jamie Woon,0.177,0.721
0X6ork2LWoqvVZRl47E178,post-dubstep,Eyesdown - Floating Points Remix,Bonobo,0.461,0.562
2YoOOLnKSYUq1U371kixVT,post-dubstep,Jump,16BIT,0.423,0.712
7713F3OBV7pXuJNLXm5rOO,post-dubstep,Venomous,Various Artists,0.318,0.979
1z2I4f9EjARUS1On9HNS3D,post-dubstep,Why Don't You Call Me,James Blake,0.0702,0.105
6VPwlEWUcNnnR1CSH9UAbT,post-dubstep,Fog,Nosaj Thing,0.229,0.274
6rAZcEJNybY83kfRV6rgUt,post-dubstep,Woodenspoon,Spoonbill,0.723,0.604
5PbFqZJwYLIrqOKnaevhwp,power-pop,Come On Honey,Alex Chilton,0.586,0.776
4jF4kZArkVKvvYXOlplMtA,power-pop,A Million Miles Away,The Plimsouls,0.687,0.793
260hSlqGqp5p4eewkuagRq,power-pop,Saints,The Breeders,0.831,0.655
37gcgx2keiiolP5uW3a4lI,power-pop,"Wine, Women and Song",Harvey Danger,0.586,0.607
6C9WCzSpEdhiZq1h0OBjT0,power-pop,She's With the Band,Silver Sun,0.474,0.904
0JQEZJuSpFYVpSYn6jFPjG,power-pop,Girl From Mars - 2008 Remastered Version,Ash,0.467,0.793
7J58hNmvzkp8E6w1teDyUq,power-pop,Caught up in a Feeling,Linus Of Hollywood,0.737,0.825
3SfDxn0bNbjEoPXhYj3rbH,power-pop,FOH,Superchunk,0.832,0.954
4mfS4PrXJcXTJj1kLQqKl4,power-pop,Surrender,Cheap Trick,0.861,0.952
2stMeBjGb8G3JQefHN7S1F,power-pop,Jet Fighter,The Three O'Clock,0.928,0.897
0TWq1aRrFtEtEzUXl3CzkV,progressive-house,Silhouettes - Syn Cole Creamfields Mix,Avicii,0.652,0.859
4IWLawtdMznqdOnbOR9cWW,progressive-house,Legacy - Radio Edit,Nicky Romero,0.219,0.706
43IqiKW3iIFxE0u5xGVSxg,progressive-house,April - Original Mix,Syn Cole,0.383,0.863
5pmSezbf3VZeXvYBkggLhw,progressive-house,Devil's Work - Dirty South Remix,Miike Snow,0.27,0.904
7lj606enHVz9Nn2S7uio0k,progressive-house,Lights Out - Original Mix,Marcus Schössow,0.234,0.705
2tW2Kn1IGFFVfRVnQE2UaQ,progressive-house,In My Mind (feat. Georgi Kay) - Axwell Radio Edit,Ivan Gough,0.376,0.831
7Jwe4iWB1G6c7TE7fRedrm,progressive-house,Animals - Radio Edit,Martin Garrix,0.0378,0.923
2ubASba6NgYemqJtHZkeAJ,progressive-house,Save The World - Knife Party Remix,Swedish House Mafia,0.51,0.951
6D5pfooPP6hi99RaXjkDsP,progressive-house,Summertime Sadness [Lana Del Rey vs. Cedric Gervais] - Cedric Gervais Remix,Lana Del Rey,0.114,0.813
03fAVei89vxfO70FuLMrfc,progressive-house,Crackin - Martin Garrix Edit,Bassjackers,0.165,0.885
0ZnRFEhQ4Szz3Adct20kA8,psych-rock,Black Smoke Rise,Wooden Shjips,0.189,0.793
2NL4BBBSgypHnxUKmQdYcT,psych-rock,(Don't Fear) The Reaper,Blue Öyster Cult,0.559,0.931
3CCGsOj2efotChiScMmCWg,psych-rock,A Minha Menina,Os Mutantes,0.429,0.93
3UyT5e1tk3WVVsWBSm9i8L,psych-rock,Deer-Ree-Shee,The Black Angels,0.158,0.719
3hfzX8twTrClpo3Hitnd9p,psych-rock,All That We See,The Black Ryder,0.799,0.573
29tSGwrJAUrVQo4uY5MMZI,psych-rock,Elegant Design,Pond,0.165,0.962
1WTclCz0bW15RgVrNLtFSX,psych-rock,The Word - Live,13th Floor Elevators,0.851,0.697
3O6ueJYPgFgzF06kHEnSNB,psych-rock,Looking Out,Wooden Shjips,0.766,0.867
4le5o376fJmhKPCUhQuVbW,psych-rock,Tijuana,The Growlers,0.393,0.549
50LgxH3t8vWy5xMFljdUbF,psych-rock,Azamane Tiliade,Bombino,0.455,0.863
3nhJpxZXEQTsZwrDUihXQf,punk,Drunken Lullabies,Flogging Molly,0.847,0.968
3wZGE0kAQHmIk6OFnRHGRx,punk,Come With Me,Deviates,0.643,0.988
3ewjQAhPCDhBsAeuB5xxEz,punk,The Three of Us,Streetlight Manifesto,0.906,0.903
3fkFF2dwF39Jr7mwnkhIie,punk,Exploding Head Syndrome,One Hidden Frame,0.397,0.997
3DNCnnOLmDRtm3WHId4Gib,punk,Few and Far Between,Shutdown,0.336,0.973
2QjEDZWEyuo8WVNDkYPke5,punk,World's On Heroin,All,0.216,0.984
2U6473fd0HcUyzTpWfBhZV,punk,Black Cat,Mayday Parade,0.636,0.922
5FFowl1Ve4S5OehL6OywSg,punk,Waiting Room,Fugazi,0.54,0.727
4xRpB18e2oAJ0Yy8vturlY,punk,Nice to Know,Four Year Strong,0.358,0.947
7y952AaC6SYiWlNwuC3Rfv,punk,Get This Right!,Raised Fist,0.193,0.913
4nqZIPw2PNo1W54kEmswJ2,punk-rock,Murder City,Green Day,0.841,0.975
7lSDCrF11sdTVfjbAQVZE8,punk-rock,I Fought the Law,The Clash,0.883,0.9
3RCjD9vFhW5kYamPdtzzu0,punk-rock,Head On Collision,New Found Glory,0.656,0.903
7LOvKnhYYLqPvP5A2rAKOh,punk-rock,(Can't Get My) Head Around You,The Offspring,0.676,0.807
4w6mSxebOG12tvw1bm9oxu,punk-rock,Until the Day I Die,Story Of The Year,0.534,0.931
2wEjPgOCEczmjlvq60LyQi,punk-rock,Girls / Girls / Boys,Panic! At The Disco,0.965,0.924
4yXNMbZrsFJbPTH0WfhwEB,punk-rock,Young Volcanoes,Fall Out Boy,0.676,0.853
2Meangpbyvif2jmc1Uf2al,punk-rock,Pathetic,blink-182,0.532,0.958
6QfnvcOKsdN4Q6exUWVuzn,punk-rock,Ohio Is for Lovers,Hawthorne Heights,0.625,0.835
0WJEXCpCwMf0xnn0sOl5CY,punk-rock,Olympia WA,Rancid,0.643,0.959
7k802XMtsF57i4WS2M2MGg,r-n-b,Grass Ain't Greener,Chris Brown,0.512,0.601
71EHOyEOhNx1SzTebRRyng,r-n-b,Weak,SWV,0.568,0.533
2TyCAfhwu5tRqFW8VnGMIL,r-n-b,Don't Touch My Hair (feat. Sampha),Solange,0.397,0.411
5ehJioqjweOpo9I6hjqtAr,r-n-b,When We Party (feat. Snoop Dogg),Faith Evans,0.629,0.782
0DQQRJ4sR3pxwom9L7D7QR,r-n-b,Blind Man,Xavier Omär,0.345,0.523
5clYhUpqYzy0Fdz3TdtZ3j,r-n-b,Escape,Kehlani,0.707,0.688
5MjAFPcmrR1DYCgZrXCN4d,r-n-b,Turnin' Me Up,BJ The Chicago Kid,0.843,0.776
1AROE0XcC4ySCxXF65mutZ,r-n-b,Seasons (feat. Khalid),6LACK,0.507,0.319
4OBZT9EnhYIV17t4pGw7ig,r-n-b,Best Part (feat. H.E.R.),H.E.R.,0.413,0.371
27IbTtJDyvoezAn0aQWSMd,r-n-b,Should've Been,Zonnique,0.187,0.53
39Odj4vLKRarATkCA31gaW,rainy-day,Possibility,Various Artists,0.0772,0.311
1CbPLR6Xjo2nc0Pf13N0RS,rainy-day,Pink Moon,Nick Drake,0.446,0.255
4eHbdreAnSOrDDsFfc4Fpm,rainy-day,I Will Always Love You,Whitney Houston,0.11,0.214
3cAqNxWChJHpYkQTgBpj47,rainy-day,Just a Boy,Angus & Julia Stone,0.263,0.667
38YgZVHPWOWsKrsCXz6JyP,rainy-day,Come On Get Higher,Matt Nathanson,0.617,0.623
51QEyJI5M7uyd8DOh9tqQY,rainy-day,Buzzcut Season,Lorde,0.247,0.62
3SZLtkoHoECHHuOnNkNCuS,rainy-day,All of the Stars,Various Artists,0.24,0.562
1jlG3KJ3gdYmhfuySFfpO1,rainy-day,I'm with You,Avril Lavigne,0.208,0.406
2VYqkb77OjToeRAnMNd4yU,rainy-day,Misguided Ghosts,Paramore,0.236,0.266
7F69vhVTDCOMcc9makFB2Z,rainy-day,Get Lonely with Me,George Ezra,0.511,0.842
0vBm2bm0vzBbSdLsw5ntpT,reggae,El Shaddai,Buju Banton,0.85,0.8
132YpUjZt4CQukx3gz30VJ,reggae,Inna Love,Chezidek,0.966,0.836
1Xk3Fu1iP15qLMejbg6ozz,reggae,Bossman,Various Artists,0.729,0.618
6OWTH4Bk22oGMJWNOW4MND,reggae,Good For The World (ft Sizzla),General Knas,0.771,0.676
0VlY6K0THEYoHSuGB1dHAs,reggae,Christopher Columbus,Burning Spear,0.965,0.531
0NlA0b2RNynMGZoxZm8hSq,reggae,Ku Klux Klan,Steel Pulse,0.817,0.514
1dat8oikYxITruzS9osoxn,reggae,Way Up,Various Artists,0.551,0.844
3KRiAmQgIRQ3Fj9FlRHmO0,reggae,Real Badman,Various Artists,0.555,0.825
4BPgPYbiigMvyd6JELEzsX,reggae,Thanks & Praise,Fantan Mojah,0.791,0.586
24nv8Zg4zQz8yDwAORL6kQ,reggae,New Name,Jah9,0.701,0.651
5bTRncBm0MvH54Jgex9lNt,reggaeton,Web Cam,Farruko,0.547,0.744
3Wd4Yl2TjjTxkvlJCHWvB9,reggaeton,Agárrale el Pantalón (feat. Zion & Lennox),Alexis y Fido,0.853,0.789
7GKW0BK2zuxKMpQyJ5GwcF,reggaeton,Dandole - Remix,"Gocho ""El Lápiz De Platino""",0.865,0.752
5PQ4Xp1vnkK4VUJdJZYeoN,reggaeton,Toma detalle - Radio Edit,Papa Joe,0.854,0.926
09qIdioXLJPGXAM9zsy20v,reggaeton,Aprovecha (feat. Daddy Yankee),Nova y Jory,0.589,0.772
2KyeRuRvBxIzmUHM7ETkOf,reggaeton,Tempted to Touch,Rupee,0.961,0.578
6aqXDIJTOx2L7CvwTWnb4z,reggaeton,Amarga Vida,Don Omar,0.603,0.582
46xluCYPf7msJNwmDKqCrO,reggaeton,Dame Lo Que Quiero,Various Artists,0.605,0.727
5BaZdqzGykdobtYl4HUCOA,reggaeton,Tranquila,J Balvin,0.67,0.686
6OaISyYxWqbOcWWAGW7Xmn,reggaeton,DANDOLE,Gocho,0.85,0.889
1ce3DvvGQn6hY2LMGMLCr5,road-trip,Black Skinhead,Kanye West,0.283,0.825
7frWizM5FgJkaUl1rXhVtO,road-trip,Swimming Pools (Drank),Kendrick Lamar,0.201,0.459
0qNrKrghOyGtoXzjGBc14a,road-trip,I Won't Back Down,Tom Petty and the Heartbreakers,0.965,0.638
2k1np6GRFvKjgjYfo2g39B,road-trip,I Wanna Dance with Somebody (Who Loves Me),Whitney Houston,0.867,0.824
0FMhMAFPLg8EljnROSoVnj,road-trip,La Grange - 1999 Remaster,ZZ Top,0.533,0.651
6cJqlSO19vsfCsH1FeFI35,road-trip,Santeria,Sublime,0.585,0.772
3n69hLUdIsSa1WlRmjMZlW,road-trip,Breezeblocks,alt-J,0.293,0.658
6PtXobrqImYfnpIxNsJApa,road-trip,Bad (feat. Vassy) - Radio Edit,David Guetta,0.411,0.972
454I78HEySdcHE8fcVabTb,rock,Amsterdam,Nothing But Thieves,0.668,0.934
06k5ZWQoJ44zNYlb49zBjc,rock,Over and Over and Over,Jack White,0.758,0.849
3IsWNivZZHYURT2kTIvBDU,rock,Just Breathe,Pearl Jam,0.283,0.348
2bDENJyfbxj0neGiXUFvIX,rock,Legendary,Welshly Arms,0.45,0.656
5eYwDBLucWfWI5KsV7oYX2,rock,Mary Jane's Last Dance,Tom Petty and the Heartbreakers,0.516,0.814
7oUkPewtWnIAQ8MncVTXBv,rock,Don't Need You - Edit,Bullet For My Valentine,0.303,0.962
4YMQXzscifAREG0a7KNGhB,rock,Black Magic Woman - Single Version,Santana,0.622,0.349
6jrMVRReY24qzCfe1BRrww,rock,What You Know,Two Door Cinema Club,0.814,0.763
1bKQ48M9onID2kbSpRy8kK,rock,Send Me An Angel,Scorpions,0.166,0.417
1fMMRoalpb7E8m5FsAta2y,rock-n-roll,Good Golly Miss Molly,Little Richard,0.967,0.873
0LN0ASTtcGIbNTnjSHG6eO,rock-n-roll,Pour Some Sugar On Me (2012),Def Leppard,0.72,0.849
0PiAoEY8BQTZmMzNkDwYpj,rock-n-roll,Jeannie Jeannie Jeannie,Various Artists,0.858,0.889
6kjlvJLh2DBsSQtqVzFh8I,rock-n-roll,Immigrant Song - 1990 Remaster,Led Zeppelin,0.609,0.926
0rxEVA0PKUkRFzemywxHKr,rock-n-roll,High School Confidential,Jerry Lee Lewis,0.97,0.818
23DjJ1MQIoVTF5JYJiCq3R,rock-n-roll,Glory Days,Bruce Springsteen,0.977,0.948
0BTYL86ryKRHvAndNeoiuP,rock-n-roll,Fly Like An Eagle,Steve Miller,0.642,0.754
4PREkXFb8YawThmhZICrXR,rock-n-roll,Riders on the Storm - New Stereo Mix,The Doors,0.595,0.543
6fhpnwCBLVamyD7gkZhXjt,rock-n-roll,"Too Much, Too Young, Too Fast",Airbourne,0.384,0.813
3QRLv6aLANNjl6FRS2fDfE,rockabilly,Little Bitty Pretty One,Various Artists,0.824,0.577
3BG14mivtewGTIhU99Tuus,rockabilly,Loud Pipes & Lead Feet,The Go Getters,0.951,0.911
0M5EaPIXN3FneJ7exwpYNM,rockabilly,The Twist - Rerecorded,Various Artists,0.974,0.712
5o2DYMOtThpCvnRiuwUCtf,rockabilly,Slow,The Reverend Horton Heat,0.469,0.968
2ctfnkYsWbtBIsiFHPa0rt,rockabilly,Rock and Roll Music,Chuck Berry,0.866,0.813
4WsUV768Ufp1pt435UyF9a,rockabilly,Chick Habit,The Hillbilly Moon Explosion,0.889,0.734
1H7OvZUqBgQnoQRgy0v76Y,rockabilly,Leave This Town,Top Cats,0.517,0.978
1VkQtaFBMxRqVSfNOw3fg3,rockabilly,Fairytale,The Playtones,0.887,0.714
4QssrYxIBrsLAfa0cAxxdM,rockabilly,The Only One,Wild Rooster,0.961,0.904
5vRdDr50kRib9xVPLh6W3c,rockabilly,Full Throttle,Snake-Bite,0.851,0.877
4F1IIOYL3CDtpAm6Jre2nc,romance,The Time Is Now (Made Famous by John Cena & The Trademarc),Wrestling Heroes,0.232,0.863
5U8hKxSaDXB8cVeLFQjvwx,romance,The Monster,Eminem,0.567,0.85
54b8qPFqYqIndfdxiLApea,romance,Alone,Heart,0.168,0.452
42BAwiGC1egjbiJ6y512Tz,romance,Turning Page,Various Artists,0.189,0.379
65n5737O8JVOzgy8wQawyi,romance,All That Matters,Justin Bieber,0.17,0.521
1zVhMuH7agsRe6XkljIY4U,romance,human,Christina Perri,0.253,0.489
4dHEQ1W1jRmNjjB0S7vB8V,romance,re:stacks,Bon Iver,0.304,0.0813
5x9VIW2fS21JMswOt6AORI,romance,Classic,MKTO,0.8,0.781
6wwAaPoX7Ce81Rn85Ntm89,romance,Rack City,Tyga,0.251,0.33
1EzrEOXmMH3G43AXT1y7pA,sad,I'm Yours,Jason Mraz,0.712,0.444
6UFhNbE4sLRUoM52kC4Xl4,sad,Wicked Game - Acoustic; Live,Stone Sour,0.273,0.337
2ZaYFNn1YQuLSVdHhanr4Q,sad,Only You,Joshua Radin,0.831,0.255
4oa14QBfWRDfJy2agySy0L,sad,Gravity,Sara Bareilles,0.231,0.275
3wsZYuHJrk3lssa7V7jvye,sad,Poison & Wine,The Civil Wars,0.203,0.186
6FvSJjsxM3o5ctpexdB31e,sad,Mad World,Michael Andrews,0.356,0.0811
6QPKYGnAW9QozVz2dSWqRg,sad,Someone Like You,Adele,0.288,0.321
7EvZucbeXRDEwT4cFpHEi8,sad,Details in the Fabric (feat. James Morrison),Jason Mraz,0.33,0.338
72C7aUQECOhNtnD0AC36ua,sad,They Don't Know About Us,One Direction,0.336,0.754
0xM88xobymkMgg46MStfnV,sad,Hey There Delilah,Plain White T's,0.321,0.376
1segwDrWjU9MxYxOvPzvwr,salsa,Así Es la Mujer,Víctor Manuelle,0.84,0.868
25gKDYktpgqSQGdxwDoTsh,salsa,Juguete De Nadie,Luisito Ayala Y La Puerto Rican Power,0.915,0.737
6A3xXylm8EhTuxOOzMN26D,salsa,La Habana Me Llama,Manolito Simonet y su Trabuco,0.805,0.824
4U5lNS80KuUyA7pZhuCgxC,salsa,Del Puente Pa'Alla,Grupo Niche,0.924,0.954
0OFVlRudMWBsLrbSIx6ncD,salsa,Unidad,La Excelencia,0.923,0.764
5PEDCKCkD2LtO2yGJqLlWc,salsa,Descarga Total,"Orlando ""Maraca"" Valle",0.943,0.842
1XYwlFvi9yPNruCanSJ3WP,salsa,When I Dream at Night,Marc Anthony,0.548,0.899
7Losbk8sx6RuMCq4Rp1E8M,salsa,Princesita,Elvis Crespo,0.961,0.905
65o8SI1kfFAIr0EjXeBRkB,salsa,La Camisa Negra,Juanes,0.968,0.73
6hELl9PzLlJbzsPYkV2CyP,salsa,Quién Te Va A Querer,Gilberto Santa Rosa,0.83,0.816
6C2FIGh3yscrccu6rmjeaw,samba,Sinais De Fogo / Olhos Coloridos - Live,Bom Gosto,0.487,0.857
7aqm0fn2R6LbT2Fzae5niv,samba,Vai Embora Tristeza - Ao Vivo,Arlindo Cruz,0.71,0.797
4UsqvNcy28A0Ep3XCnYVRt,samba,A Culpada Foi Quitéria,Bezerra Da Silva,0.542,0.644
5otssvFo9qbHhXyjl7gNGU,samba,Tenha Pena de Mim - Ao Vivo,Orquestra Imperial,0.879,0.609
45OQTLf5DfWde3Q72vM3ad,samba,Filosofia de Vida,Various Artists,0.517,0.502
6xse1x81KIaI4oLDAUgv63,samba,Aldeia De Okarimbé,Various Artists,0.961,0.511
6cvjfpM5uGEcWQoyZi2Kcx,samba,Latinha De Cerveja,Terra Samba,0.414,0.889
2X8P2Ja2RetikTbqf9DJBm,samba,Rua Dos Gusmões,Adoniran Barbosa,0.575,0.16
3EVZZDfVvIRaPhlMzDe3uJ,samba,Pra jogar no oceano,Paulinho Da Viola,0.965,0.526
0KcXu6UXhCq1xKY2ptFgsJ,samba,Mama Yo Quiero (I Want My Mama),Carmen Miranda,0.937,0.582
3MOi8SeeYVdRXqvwcnOIw4,sertanejo,Paty Melhorada - Ao Vivo,Henrique & Diego,0.766,0.872
1990ZdOe40HjaHM9iPwBQg,sertanejo,Vai Ter Balanga,João Neto & Frederico,0.763,0.945
3AbbYGK5aM91GDVzrqPJmZ,sertanejo,Sou Nada Sem Você,Cristiano Araújo,0.887,0.766
4C8sypuCi1BNdXJRh1ApkW,sertanejo,Com Todos Menos Comigo - Ao Vivo,Jads & Jadson,0.539,0.873
1CctPy3BRK445QCSzaLXjj,sertanejo,Do Outro Lado da Cidade,Zezé Di Camargo & Luciano,0.748,0.662
0cP8fL9xvi8OYisR8OJuzN,sertanejo,Te Vivo,Luan Santana,0.575,0.514
53LML1LIG7eoURYm4TTTsm,sertanejo,Fuscão Preto / O Doutor e a Empregada / O Fuscão e a Empregada,Victor & Leo,0.796,0.878
1v3tZOteeandnqgcUhy20D,sertanejo,Será Que Vai Rolar? (feat. Lucas Lucco),Kaio & Bruninho,0.966,0.881
7jFPI5SwsinaWEhi1MVAtY,sertanejo,Me Chama Pra Sorrir,Michel Teló,0.837,0.885
3lgFYYSqgrw8pObOYW98RP,sertanejo,Festa Louca - Mi Vida Loca / My Crazy Life,Edson & Hudson,0.707,0.898
4C463MZrXGxq3t7A3wlGuV,show-tunes,"Reindeer(s) Are Better Than People - From ""Frozen"" / Soundtrack Version",Various Artists,0.409,0.233
4Odr8ViOk7wZrPlJyIL15X,show-tunes,Suppertime,Soundtrack/Cast Album,0.505,0.505
6rkCjCUJsiLSIqh8UCwhdN,show-tunes,Pathetic,Matilda the Musical Original Cast,0.256,0.182
3ZmCB7IhVnozmnD6t3xBLA,show-tunes,Not Me,Various Artists,0.259,0.312
1z0TkJgVhwXv3EbQzM6ZAD,show-tunes,Been A Long Day,Daniel Radcliffe,0.541,0.221
2WYB4TTVPyjZpvlfZkfiiJ,show-tunes,I'd Give My Life For You - Original London Cast Recording/1989,Claude-Michel Schönberg,0.143,0.238
28Tmk14BdrfaV2YzxpB35c,show-tunes,Cell Block Tango,Various Artists,0.654,0.34
7zgveKrOxukG95vxIO3KHd,show-tunes,Trebles Finals: Bright Lights Bigger City/Magic,Various Artists,0.465,0.525
3IRmPu1ra0V6STRU63SgMW,show-tunes,A New Life,Jekyll Hyde,0.0949,0.21
6osFf87BM0y0AFd5nSRjzr,show-tunes,"Pavement Artist - From ""Mary Poppins""/Soundtrack Version",Various Artists,0.251,0.0585
39E9wHDDmHgKJt8yWWgRjT,singer-songwriter,Can't Smile Without You,Barry Manilow,0.49,0.615
46QrTPAuu0iJHnECJKIWWH,singer-songwriter,Hold My Heart,Sara Bareilles,0.438,0.71
2RVHIJWVyGR499tMMQyffm,singer-songwriter,The Story,Brandi Carlile,0.217,0.504
5bSPF76iSpI5p00BALV8uo,singer-songwriter,"Daughters - Live at the Nokia Theatre, Los Angeles, CA - December 2007",John Mayer,0.407,0.38
6gxycjJNMgmAyfzUXBN80P,singer-songwriter,Goodbye My Lover,James Blunt,0.273,0.261
0KpfYajJVVGgQ32Dby7e9i,singer-songwriter,"Hey, Soul Sister",Train,0.768,0.885
1ltcsgH9qTWOB7MMwfvOeR,singer-songwriter,Time Has Told Me,Nick Drake,0.423,0.303
1DHtw2IVZztMieu3feUuwD,singer-songwriter,Lifeline,The Soundtrack Of Our Lives,0.495,0.251
17W8bZBSty1TJ4CRG4GGJK,singer-songwriter,For My Lover,Tracy Chapman,0.354,0.426
3AkxSspcYOvhWTkaMvqyaD,singer-songwriter,Volcano,Damien Rice,0.437,0.289
5ofoBxFkjWJ0EFJsgBVZk1,ska,Red Red Wine,Various Artists,0.939,0.489
1ccFnIocW7FZ546v5cVqta,ska,Let's Face It,The Mighty Mighty Bosstones,0.962,0.872
4CoYcK7Izx5JHz2obKDDir,ska,"Cheer Up (Live in Fullerton, CA) - Best Of",Reel Big Fish,0.432,0.967
03HwmxQ8w8gH1qU6BlmDrK,ska,The Guns of Navarone,The Skatalites,0.544,0.666
1hJ2PZbJ0AWj3tncP73MWC,ska,Celebrate The Bullet,The Selecter,0.809,0.357
4s1PGEmhj6hiJm1eUegk0Z,ska,Where's The Freedom,The Toasters,0.86,0.842
13UXik9dAMuJXyxMIRtS7T,ska,Hurt So Good - Mono,Various Artists,0.904,0.54
5lP31iPJoImNmlX5a48eZ3,ska,Angry Anthem,The Forces Of Evil,0.664,0.912
4lC49O9AnSkqwBrCmclqfR,ska,241 (Skacoustic) - Best Of,Reel Big Fish,0.926,0.572
0YQ5hsnIyvd4kpuD1FJT95,ska,Too Much Pressure,The Selecter,0.968,0.848
5ve0BYRZZ2aoHFqZMxqYgt,sleep,We Can't Stop,Miley Cyrus,0.5,0.619
4gs07VlJST4bdxGbBsXVue,sleep,Heartbreak Warfare,John Mayer,0.311,0.554
7J41dYQolQJEtj3UmKLu5r,sleep,U Got It Bad,Usher,0.649,0.5
2hKdd3qO7cWr2Jo0Bcs0MA,sleep,Drops of Jupiter (Tell Me),Train,0.497,0.638
4KSFloB6mBJKHADZCD6OIR,sleep,Air,Ephemera,0.319,0.264
6onVtBLxZpq4cwMa3fUMJs,sleep,Moonlight Sonata: Adagio Sostenuto,Ludwig van Beethoven,0.127,0.00153
2SMn57cBVxoD4TArscpovk,sleep,Islands,The xx,0.707,0.472
24lMtPOCzP5g4hrg3NklLa,sleep,Just The Way You Are,Bruno Mars,0.434,0.843
5FPnjikbwlDMULCCCa6ZCJ,sleep,Daughters,John Mayer,0.503,0.413
2E8b9rCHCWNr0CrZSTVJCT,sleep,Lucky Ones,Lana Del Rey,0.271,0.416
2JnQvMvZyV8c2fiLMKHZ80,songwriter,Red River,Tom Petty and the Heartbreakers,0.551,0.728
7rlQxAIiAYe6zw104ZxxUI,songwriter,Piece of My Heart,Janis Joplin,0.561,0.665
3eqkmSKiw4DkOX67Fcjl8L,songwriter,Sip The Wine,Rick Danko,0.623,0.614
2e1nyuDWvhBX1ZV39rvDUW,songwriter,No Regrets,Various Artists,0.324,0.398
7LT6dkoxfUavcBDe7RYgog,songwriter,Never Had Nobody Like You,M. Ward,0.925,0.665
7doPHl88ys87cEjbkQE3Uf,songwriter,Troubled Man,John Mellencamp,0.436,0.531
13z9PubwDKrj1kpGbflPOU,songwriter,Up Where We Belong - Original Soundtrack from Ufficiale E Gentiluomo,Various Artists,0.254,0.448
6BdR2hI8YFWV0A1hQueN5x,songwriter,"You've Got a Friend in Me - From ""Toy Story""",Various Artists,0.54,0.413
5q2WqwNjp8bt8PNxhTbU8H,songwriter,Back in the World,David Gray,0.176,0.718
49K5azCmY65Ha5IuUaO678,songwriter,Reelin' In The Years,Steely Dan,0.736,0.784
48s4feNgV243gbAGTTBIrc,soul,Don't You Remember,Adele,0.226,0.4
2jJulR1CTEuHsXpS6bGDou,soul,Just Ain't Gonna Work Out,Mayer Hawthorne,0.753,0.544
1DTRyqSQ6CfDs46Ft9vUpR,soul,Mary Go Round,Musiq Soulchild,0.497,0.472
4CYSuHwYKy6oyLTXrXlo4u,soul,Turn off the Lights,Teddy Pendergrass,0.665,0.483
63vJRHgZyFTMUaMtkdiD2g,soul,All I Could Do Was Cry,Etta James,0.613,0.348
28285KFbyCq8sJofn58qlD,soul,Love Train,The O'Jays,0.675,0.572
7kiimUtUHJAd8icrE2AGg6,soul,Shoo-Be-Doo-Be-Doo-Da-Day,Stevie Wonder,0.781,0.82
3BrUr1rwAYJbf6sLlDf7WN,soul,If I Were Your Woman,Gladys Knight & The Pips,0.748,0.627
0rimetBQIYXE3uMCbuXBUa,soul,A Woman's Worth,Alicia Keys,0.495,0.41
2aIcanXxVk0tBtyWimy8Ew,soundtracks,"Your Hands Are Cold - From ""Pride & Prejudice"" Soundtrack",Jean-Yves Thibaudet,0.0347,0.0427
4P4YCW9qKMf3cGY5VMoUdF,soundtracks,Doctor Finklestein / In The Forest,Various Artists,0.0541,0.0628
7wjbSn8QHsxqKXU5M0jXGM,soundtracks,Eyes Open,Various Artists,0.297,0.724
508AvcfQL1jBYNdSrA1GVn,soundtracks,La valse d'Amélie - Version originale,Yann Tiersen,0.855,0.564
24V1HYAHHUj8uzzvikTOiN,soundtracks,"Mind Heist (From ""The Inception Trailer"")",The City of Prague Philharmonic Orchestra,0.11,0.326
5S6QRddlH14aVZSBRQw9AK,soundtracks,"Grand Bazaar, Istanbul",Thomas Newman,0.0514,0.63
7qxxr5CLf8rnIibe4eStzR,soundtracks,Cold,Various Artists,0.0801,0.129
3UXgrPK7wtsBaJr1QKjz3G,soundtracks,Spectres in the Fog,Hans Zimmer,0.0389,0.283
4Xr81LWoKa6nAfOKy8eKB3,soundtracks,This Time For Sure,John Powell,0.616,0.72
3t02S89P6VOr3RMxWQxT7Y,soundtracks,Thor Kills the Destroyer,Patrick Doyle,0.294,0.755
63A97VJzynzhWNuW5W166T,spanish,El Coco No,Roberto Junior Y Su Bandeño,0.898,0.813
722QPOI0pGJJ0Y0P6ETzgE,spanish,Lo Que Me Gusta A Mi,Juanes,0.97,0.895
3DYm7Lp7Fc3xf6WSCq5ntE,spanish,Cómo hablar,Amaral,0.626,0.775
4pn0G7yHNfTgRYRWca8gYA,spanish,We Are One (Ole Ola) [The Official 2014 FIFA World Cup Song] (feat. Jennifer Lopez & Claudia Leitte),Pitbull,0.549,0.942
5fXs8afqNK3PQ3l3zHdXNl,spanish,Noche De Entierro (Nuestro Amor),Luny Tunes,0.38,0.773
73AgsVUopt60MD6YX0cPwQ,spanish,No Fue Fácil,Roberto Tapia,0.96,0.421
7mJG18yZGq0aXKWNtK3FQf,spanish,Algo Está Cambiando,Julieta Venegas,0.365,0.6
02yDkjZcms3h9oPDPKhtYZ,spanish,Dámaso,Gerardo Ortiz,0.964,0.833
22dXe7z6yWeDMEIJCF644v,spanish,Noche Y De Dia,Enrique Iglesias,0.565,0.871
47bZy1SvW6MZ6n2ONeiHzk,spanish,Addicted,Prince Royce,0.78,0.591
2zzUpZCsVZgA7S2cr6IFwp,study,"Can't Slow Down - From ""Pride & Prejudice"" Soundtrack",Jean-Yves Thibaudet,0.964,0.096
7hKngfUBsX9XeGjSeyEVif,study,Barbastella,Hans Zimmer,0.0612,0.0502
451GvHwY99NKV4zdKPRWmv,study,Banana Pancakes,Jack Johnson,0.615,0.375
7cpHPzPgqKor6gv6nTkJ4R,study,Without You,Lana Del Rey,0.668,0.593
6iWwfN1euztxZi1OK38HbU,study,"Flightless Bird, American Mouth",Iron & Wine,0.19,0.391
7e8utCy2JlSB8dRHKi49xM,study,Fluorescent Adolescent,Arctic Monkeys,0.821,0.813
5pRvd7BtQZ42S9zegc0nOa,study,Atlas - From “The Hunger Games: Catching Fire”/Soundtrack,Coldplay,0.121,0.433
12Ns5IphkblPmHxpRILG9t,study,Don't Wake Me Up,Chris Brown,0.206,0.691
1soxUgYIZb1qx1c7o1Lc7z,summer,Drunk On A Plane,Dierks Bentley,0.66,0.73
4Tyv7nnNTHC6mR1pTubIrw,summer,Drop It Like It's Hot,Snoop Dogg,0.62,0.553
3jZomvOBa5qfTo5HkqI1p5,summer,One Way or Another (Teenage Kicks),One Direction,0.409,0.867
6NPVjNh8Jhru9xOmyQigds,summer,Happy,Various Artists,0.962,0.757
6sePPH7boWyJDI8spzwfBJ,summer,Your Love Is My Drug,Kesha,0.766,0.607
1RwwmiVtLAtPmxAqKVfwgG,summer,I Wanna Get Better,Bleachers,0.385,0.891
6rvo2EAdn5U47Nn9kWhLpz,summer,Heartbeat,Childish Gambino,0.368,0.558
2yJVeT8cP1zstJxRP7Nlv8,summer,No Interruption,Hoodie Allen,0.55,0.706
3wkE1y8yv65YFY9HZV8u2j,swedish,"Från hjärtat (feat. Hoosam, Sabo & Aleks)",Ison & Fille,0.434,0.809
5fmjQPa7rtQ8FAOozL36mV,swedish,Innan mörkret faller,Lars Winnerbäck,0.897,0.838
5qFctlq6LI01bQYQmqWaje,swedish,Naiv,Dani M,0.854,0.85
6RBMl3G3r9Mj2gd2fPhpAl,swedish,Nåt för dom som väntar,Miss Li,0.764,0.855
4oxpQ0HQymKMPaY9QKwYmq,swedish,Längst fram i taxin,Snook,0.923,0.678
0YQlHiQDUDTXQ7jiItaJPx,swedish,Svennebanan,Promoe,0.742,0.71
103EuC2phtyVhUxmZRUfCN,swedish,Någon gång måste du bli själv,Säkert!,0.542,0.171
5SuAUSnbMVCPsyiyO8p4LD,swedish,En apa som liknar dig,Olle Ljungström,0.35,0.774
0I7B4cDM2Rqh6uxn00BU7m,swedish,Fredrik Snortare och Cecilia Synd,Petter,0.856,0.631
43ZypSE73gRNdAySQTzyfs,swedish,Diggiloo Diggiley,Herreys,0.961,0.876
2gCvWjrHt6PVJjIN1amlje,synth-pop,No Rest for the Wicked,Lykke Li,0.272,0.445
1Fes5MQcOLhyA16q7lmpeK,synth-pop,Anything Could Happen,Ellie Goulding,0.401,0.775
3G6hD9B2ZHOsgf4WfNu7X1,synth-pop,Team,Lorde,0.416,0.578
7dpOCuGJOlxDhEouNQNCBM,synth-pop,Can't Do Without You,Caribou,0.508,0.403
6qLLFgywJ33KvxXAQIf6Xt,synth-pop,Youth,Various Artists,0.471,0.423
7JbHx1w8yllNESuyp9SYv3,synth-pop,Personal Jesus - Acoustic,Depeche Mode,0.349,0.266
1hxq7kWQnwdhxgpEugBMGk,synth-pop,Dirty Paws,Of Monsters and Men,0.133,0.648
7tRKpjlxvOcdi85DmP638d,synth-pop,Popular Song,MIKA,0.794,0.796
2pxQ4Z2lZaV078WaZ6F4IJ,tango,Canaro En Paris,Various Artists,0.645,0.38
24z9LTXtGH2iHBUy2jHbAW,tango,Marfil de Piano,Various Artists,0.315,0.502
6Vm4DMYmycNdn2h93Eir82,tango,Como Abrazado A Un Rencor,Various Artists,0.536,0.475
57MZPOc3410g9Zp3ZifXdI,tango,Tierra negra,Francisco Canaro,0.717,0.278
6W7nQItvjIPaXQv9oh9Nzc,tango,No Juegues A La Guerra,Osvaldo Pugliese,0.229,0.354
3y327BhMAtwWsZR1kSvI3L,tango,Epoca - DJ Muro Remix,Various Artists,0.132,0.132
76mMIlZ2JgoSvNOHYG9R3f,tango,Otra Luna,Narcotango,0.198,0.345
62wBEY20qXqTRYphDJmqOD,tango,Malena (with Orquesta Tipica Porteña),Roberto Goyeneche,0.707,0.467
31lIYYqxEDg2MKWqDaVYaS,tango,Silueta Portena,Various Artists,0.374,0.519
7HrmJcjSoBtAO2dZ7AJRLG,tango,Recuerdo,Osvaldo Pugliese,0.547,0.147
6JaWqpWxZ47wI2j37Kgq66,techno,Liebe Ist...,Stephan Bodzin,0.542,0.413
0aTbNrLDDUAQt7q9uEZDjm,techno,Love Is Gone - Fred Riester & Joachim Garraud Radio Edit Remix,David Guetta,0.708,0.813
2easgxsXK5j6lNp63yZF7S,techno,Musique,Daft Punk,0.832,0.885
0bg6otrW5gxNnlCqrCrXyd,techno,Dynamite,Taio Cruz,0.818,0.804
6j0wLFfZj9nWunPFnZtbDr,techno,This Beat Is What You Need - DJ Gollum Short Mix,Patrick Bunton,0.303,0.936
4gZcorMw9xTt0mmc3a7moY,techno,Resurrection - Axwell's Recut Radio Edit,Michael Calfan,0.607,0.948
1NeKfsLZAOo4fQHJqbBcms,techno,Afterhours - Original Mix,deadmau5 / Melleefresh,0.137,0.941
6FmSCambSeWTMvWSUco4EO,techno,Invaders Must Die,The Prodigy,0.0993,0.9
4IJUO9cdEvsHVDk52UZVHr,techno,We Swarm,The Glitch Mob,0.395,0.783
3e9iivPr1NZ0ivSGgTdvn4,techno,Atmosphere,Kaskade,0.393,0.77
4NBVJMy1uUWj3O3FRWedpa,trance,Prosperity If A New World - Signum Mix,Various Artists,0.317,0.944
55ZR95Uzx08i0luEovZjXp,trance,Stay - Original Mix,Armin van Buuren,0.628,0.444
1UPyhGntpIx9jGJ5UVtKVS,trance,Call Me A Spaceman - Radio Edit,Hardwell,0.35,0.877
0RN33OVRY6WjO68XoUk4Yv,trance,Nyana,Tiësto,0.304,0.781
2lPUtykoc4kP4vOpQj0GDo,trance,Venus,Stoneface & Terminal,0.183,0.9
2nrOHpPWNHacdc0QZ8tuwg,trance,Beautiful,Ferry Corsten,0.415,0.848
38W1IohVo9EB2gaGIozGig,trance,Middledistancerunner,Chicane,0.41,0.662
31YpUil7WjqERcQcandGjp,trance,Latika - Original Mix,Simon Patterson,0.354,0.843
4ibiHIp5TJJLmJ9VfXMuKi,trance,Mirror (Signum Remix),Various Artists,0.246,0.746
4C2Dx0d4WGnbV7D8b8umem,trance,The Ocean (feat. Arty),Paul van Dyk,0.108,0.587
1pOBMpIDjq0nT0oKVSvbps,trip-hop,L'Odeur Animale,Hooverphonic,0.173,0.531
3N2UhXZI4Gf64Ku3cCjz2g,trip-hop,Inertia Creeps,Massive Attack,0.388,0.806
2UsW4FqGYOHR0CSd3bjyya,trip-hop,Ever,21 Hertz,0.108,0.416
3vH3cFhZMnQN46btyBCO4z,trip-hop,Air Batucada,Thievery Corporation,0.143,0.877
3lzEKbDlYT9aeQjJoRxSGa,trip-hop,Krakatoa,Berry Weight,0.491,0.499
5dWDSNckjRDT8TOSu1IWzK,trip-hop,Skyscraper,Archive,0.525,0.486
0ACsyS1TwupZPsXipFpovI,trip-hop,Sweet Is Good,Massive Attack,0.0847,0.434
44Q1QGgYuGX7vl5tgfrHNO,trip-hop,Wouh,Nicolas Jaar,0.133,0.36
1Mk2HztavnDdbyqZKYu1sN,trip-hop,Nothing Matters,Tricky,0.475,0.77
5ZNth4o3YvTIMs9KWltgFh,trip-hop,Numb,Portishead,0.236,0.46
5IWmU2PNimgYuTLddU2DRo,turkish,Payphone,Maroon 5,0.556,0.744
1yda5zkc3MLEz8OydJ95Nb,turkish,Bir Güzellik Yap,Murat Dalkılıç,0.68,0.77
7GCjNBP8XtxAj1zu36O9Ns,turkish,Araba,Mustafa Sandal,0.67,0.828
4lmYA7WoLjqAU1S5yWmgly,turkish,Bu Kadar Mı,Emre Altug,0.532,0.906
5pFnAUrpAkTXpTgEHjXZjX,turkish,Sudan Sebep,Various Artists,0.799,0.882
0P3qJfmnCwUN1xjK7wBaqa,turkish,Soğuk Odalar,emre aydın,0.27,0.57
6U1eDfR5xvE6QUDRSeHnsn,turkish,Yürü Yüreğim,Gökhan Tepe,0.7,0.911
2vdoAzybYjBKAikYyuv9Pi,turkish,Xeribe,Sivan Perwer,0.603,0.662
3si1puqOHdvGAFZ7Z4VU27,turkish,Hoşçakal,Şebnem Ferah,0.346,0.515
14epucTZd8dLIYipdByNZS,work-out,Antidote - Extended,Swedish House Mafia,0.63,0.821
55qBw1900pZKfXJ6Q9A2Lc,work-out,Teenage Dream,Katy Perry,0.605,0.804
13qqdlSeF8FcxsRyapDMZ0,work-out,Changes,Faul & Wad,0.255,0.704
4qPnE8jBZN3wmgGxspsOcP,work-out,Boneless,Steve Aoki,0.643,0.962
6SpLc7EXZIPpy0sVko0aoU,work-out,Misery Business,Paramore,0.731,0.906
5FCyoZGaN6nRod1oNDJIWZ,work-out,Breathe,The Prodigy,0.312,0.819
56QCGK2tyUmlma8k94zLal,work-out,Miami 2 Ibiza,Swedish House Mafia,0.653,0.936
18HupNqtDS9opy3Zi4OqpU,world-music,Inolvidable,Bebo & Cigala,0.294,0.189
6bzyV9LWZgZ70uOlHiWEVh,world-music,Por Toda A Minha Vida,Elis Regina,0.067,0.06
1mDZpgKx9Xpg6ijl9DvdA6,world-music,Sa Golo,Boubacar Traoré,0.634,0.769
6uNipqGXOCj8Q8ufRemutC,world-music,Dreambuilding,Goat,0.337,0.923
3EREjXvpkJSZlbwdMLVpig,world-music,Nguva Ye Kufara,Chiwoniso,0.682,0.756
71uMowNE0zT9M0FI8MoGBm,world-music,Fanta bourama,Various Artists,0.651,0.657
2UKkLqST2xWpK8n1b0Xr5Z,world-music,Return To Innocence,Enigma,0.417,0.584
41t5RpX78tUIV5J7pXxMi8,world-music,Colpo di coda,Alessandro Pitoni,0.517,0.395
3eepintPoZ6TXjyodxyQK9,world-music,Mali-Cuba,AfroCubism,0.962,0.473
7KVy6npMdvnDl7QRcpTMtr,world-music,Penda Yoro,Ali Farka Touré,0.718,0.643
